Position_BP_2,Residue_BP_2,Score_BP_2,Assignment_BP_2,Position_BP,Residue_BP,Score_BP,Assignment_BP,Position_CF,Residue_CF,Start_CF,End_CF,Peptide_CF,Score_CF,Position_E,Residue_E,Start_E,End_E,Peptide_E,Score_E,Position_KS,Residue_KS,Start_KS,End_KS,Peptide_KS,Score_KS,Position_KT,Residue_KT,Start_KT,End_KT,Peptide_KT,Score_KT,Position_P,Residue_P,Start_P,End_P,Peptide_P,Score_P
1,M,0.276,.,1,M,0.565,E,1,,,,,,1,,,,,,1,,,,,,1,,,,,,1,,,,,
2,S,0.339,.,2,S,0.709,E,2,,,,,,2,,,,,,2,,,,,,2,,,,,,2,,,,,
3,A,0.386,.,3,A,0.512,E,3,,,,,0.91,3,A,1,6,MSASKE,1.313,3,,,,,,3,,,,,,3,,,,,
4,S,0.45,.,4,S,0.516,E,4,S,1,7,MSASKEV,0.969,4,S,2,7,SASKEV,0.985,4,S,1,7,MSASKEV,1.028,4,S,1,7,MSASKEV,1.011,4,S,1,7,MSASKEV,2.957
5,K,0.51,E,5,K,0.451,E,5,K,2,8,SASKEVK,0.969,5,K,3,8,ASKEVK,1.47,5,K,2,8,SASKEVK,1.042,5,K,2,8,SASKEVK,1.026,5,K,2,8,SASKEVK,4.371
6,E,0.515,E,6,E,0.291,.,6,E,3,9,ASKEVKS,0.96,6,E,4,9,SKEVKS,1.95,6,E,3,9,ASKEVKS,1.045,6,E,3,9,ASKEVKS,1.026,6,E,3,9,ASKEVKS,4.371
7,V,0.518,E,7,V,-0.11,.,7,V,4,10,SKEVKSF,0.84,7,V,5,10,KEVKSF,1.26,7,V,4,10,SKEVKSF,1.033,7,V,4,10,SKEVKSF,1.03,7,V,4,10,SKEVKSF,2.757
8,K,0.518,E,8,K,-0.409,.,8,K,5,11,KEVKSFL,0.833,8,K,6,11,EVKSFL,0.52,8,K,5,11,KEVKSFL,1.02,8,K,5,11,KEVKSFL,1.064,8,K,5,11,KEVKSFL,0.514
9,S,0.504,E,9,S,-0.525,.,9,S,6,12,EVKSFLW,0.864,9,S,7,12,VKSFLW,0.315,9,S,6,12,EVKSFLW,0.996,9,S,6,12,EVKSFLW,1.059,9,S,6,12,EVKSFLW,-1.729
10,F,0.491,.,10,F,-0.548,.,10,F,7,13,VKSFLWT,0.933,10,F,8,13,KSFLWT,0.613,10,F,7,13,VKSFLWT,0.974,10,F,7,13,VKSFLWT,1.067,10,F,7,13,VKSFLWT,-2.1
11,L,0.482,.,11,L,-0.611,.,11,L,8,14,KSFLWTQ,0.993,11,L,9,14,SFLWTQ,0.531,11,L,8,14,KSFLWTQ,0.976,11,L,8,14,KSFLWTQ,1.014,11,L,8,14,KSFLWTQ,-0.714
12,W,0.467,.,12,W,-0.795,.,12,W,9,15,SFLWTQS,0.873,12,W,10,15,FLWTQS,0.531,12,W,9,15,SFLWTQS,0.99,12,W,9,15,SFLWTQS,1.026,12,W,9,15,SFLWTQS,-0.6
13,T,0.463,.,13,T,-0.825,.,13,T,10,16,FLWTQSL,0.923,13,T,11,16,LWTQSL,0.506,13,T,10,16,FLWTQSL,1.017,13,T,10,16,FLWTQSL,1.06,13,T,10,16,FLWTQSL,-2.843
14,Q,0.466,.,14,Q,-0.864,.,14,Q,11,17,LWTQSLR,0.974,14,Q,12,17,WTQSLR,1.201,14,Q,11,17,LWTQSLR,1.042,14,Q,11,17,LWTQSLR,1.029,14,Q,11,17,LWTQSLR,-0.929
15,S,0.465,.,15,S,-0.47,.,15,S,12,18,WTQSLRR,0.943,15,S,13,18,TQSLRR,2.238,15,S,12,18,WTQSLRR,1.044,15,S,12,18,WTQSLRR,0.975,15,S,12,18,WTQSLRR,0.986
16,L,0.443,.,16,L,-0.387,.,16,L,13,19,TQSLRRE,0.89,16,L,14,19,QSLRRE,2.685,16,L,13,19,TQSLRRE,1.037,16,L,13,19,TQSLRRE,0.969,16,L,13,19,TQSLRRE,3.529
17,R,0.462,.,17,R,0.024,.,17,R,14,20,QSLRREL,0.954,17,R,15,20,SLRREL,1.279,17,R,14,20,QSLRREL,1.027,17,R,14,20,QSLRREL,1.018,17,R,14,20,QSLRREL,1.471
18,R,0.482,.,18,R,-0.044,.,18,R,15,21,SLRRELS,0.973,18,R,16,21,LRRELS,1.279,18,R,15,21,SLRRELS,1.019,18,R,15,21,SLRRELS,1.017,18,R,15,21,SLRRELS,1.543
19,E,0.495,.,19,E,-0.209,.,19,E,16,22,LRRELSG,1.051,19,E,17,22,RRELSG,1.535,19,E,16,22,LRRELSG,1.02,19,E,16,22,LRRELSG,0.998,19,E,16,22,LRRELSG,1.429
20,L,0.499,.,20,L,-0.309,.,20,L,17,23,RRELSGY,1.086,20,L,18,23,RELSGY,1.228,20,L,17,23,RRELSGY,1.015,20,L,17,23,RRELSGY,0.985,20,L,17,23,RRELSGY,2.471
21,S,0.524,E,21,S,-0.038,.,21,S,18,24,RELSGYC,1.154,21,S,19,24,ELSGYC,0.336,21,S,18,24,RELSGYC,1.004,21,S,18,24,RELSGYC,1.062,21,S,18,24,RELSGYC,2.071
22,G,0.523,E,22,G,-0.023,.,22,G,19,25,ELSGYCS,1.271,22,G,20,25,LSGYCS,0.26,22,G,19,25,ELSGYCS,0.992,22,G,19,25,ELSGYCS,1.082,22,G,19,25,ELSGYCS,2.4
23,Y,0.516,E,23,Y,-0.23,.,23,Y,20,26,LSGYCSN,1.254,23,Y,21,26,SGYCSN,0.507,23,Y,20,26,LSGYCSN,0.978,23,Y,20,26,LSGYCSN,1.071,23,Y,20,26,LSGYCSN,2.286
24,C,0.527,E,24,C,-0.314,.,24,C,21,27,SGYCSNI,1.194,24,C,22,27,GYCSNI,0.265,24,C,21,27,SGYCSNI,0.975,24,C,21,27,SGYCSNI,1.057,24,C,21,27,SGYCSNI,2.457
25,S,0.546,E,25,S,-0.45,.,25,S,22,28,GYCSNIK,1.056,25,S,23,28,YCSNIK,0.536,25,S,22,28,GYCSNIK,0.988,25,S,22,28,GYCSNIK,1.045,25,S,22,28,GYCSNIK,2.343
26,N,0.529,E,26,N,-0.581,.,26,N,23,29,YCSNIKL,1.033,26,N,24,29,CSNIKL,0.282,26,N,23,29,YCSNIKL,0.996,26,N,23,29,YCSNIKL,1.099,26,N,23,29,YCSNIKL,0.214
27,I,0.509,E,27,I,-0.797,.,27,I,24,30,CSNIKLQ,0.934,27,I,25,30,SNIKLQ,0.911,27,I,24,30,CSNIKLQ,0.999,27,I,24,30,CSNIKLQ,1.078,27,I,24,30,CSNIKLQ,1.343
28,K,0.494,.,28,K,-0.837,.,28,K,25,31,SNIKLQV,0.801,28,K,26,31,NIKLQV,0.505,28,K,25,31,SNIKLQV,0.993,28,K,25,31,SNIKLQV,1.074,28,K,25,31,SNIKLQV,0.614
29,L,0.5,.,29,L,-0.755,.,29,L,26,32,NIKLQVV,0.723,29,L,27,32,IKLQVV,0.233,29,L,26,32,NIKLQVV,0.968,29,L,26,32,NIKLQVV,1.127,29,L,26,32,NIKLQVV,-0.843
30,Q,0.494,.,30,Q,-0.55,.,30,Q,27,33,IKLQVVK,0.864,30,Q,28,33,KLQVVK,0.665,30,Q,27,33,IKLQVVK,0.955,30,Q,27,33,IKLQVVK,1.149,30,Q,27,33,IKLQVVK,-1.029
31,V,0.475,.,31,V,-0.515,.,31,V,28,34,KLQVVKD,0.814,31,V,29,34,LQVVKD,0.555,31,V,28,34,KLQVVKD,0.962,31,V,28,34,KLQVVKD,1.108,31,V,28,34,KLQVVKD,1.543
32,V,0.486,.,32,V,-0.145,.,32,V,29,35,LQVVKDA,0.87,32,V,30,35,QVVKDA,0.68,32,V,29,35,LQVVKDA,0.981,32,V,29,35,LQVVKDA,1.127,32,V,29,35,LQVVKDA,1.029
33,K,0.477,.,33,K,-0.243,.,33,K,30,36,QVVKDAQ,0.824,33,K,31,36,VVKDAQ,0.68,33,K,30,36,QVVKDAQ,1.005,33,K,30,36,QVVKDAQ,1.094,33,K,30,36,QVVKDAQ,3.2
34,D,0.451,.,34,D,-0.222,.,34,D,31,37,VVKDAQA,0.837,34,D,32,37,VKDAQA,0.925,34,D,31,37,VVKDAQA,1.014,34,D,31,37,VVKDAQA,1.101,34,D,31,37,VVKDAQA,2.643
35,A,0.427,.,35,A,-0.516,.,35,A,32,38,VKDAQAL,0.85,35,A,33,38,KDAQAL,1.028,35,A,32,38,VKDAQAL,0.999,35,A,32,38,VKDAQAL,1.082,35,A,32,38,VKDAQAL,1.857
36,Q,0.444,.,36,Q,-0.443,.,36,Q,33,39,KDAQALL,0.841,36,Q,34,39,DAQALL,0.424,36,Q,33,39,KDAQALL,0.97,36,Q,33,39,KDAQALL,1.063,36,Q,33,39,KDAQALL,1.071
37,A,0.451,.,37,A,-0.298,.,37,A,34,40,DAQALLH,0.856,37,A,35,40,AQALLH,0.345,37,A,34,40,DAQALLH,0.948,37,A,34,40,DAQALLH,1.088,37,A,34,40,DAQALLH,0.557
38,L,0.448,.,38,L,-0.638,.,38,L,35,41,AQALLHG,0.846,38,L,36,41,QALLHG,0.338,38,L,35,41,AQALLHG,0.933,38,L,35,41,AQALLHG,1.089,38,L,35,41,AQALLHG,-0.057
39,L,0.464,.,39,L,-0.681,.,39,L,36,42,QALLHGL,0.914,39,L,37,42,ALLHGL,0.161,39,L,36,42,QALLHGL,0.931,39,L,36,42,QALLHGL,1.115,39,L,36,42,QALLHGL,-1.671
40,H,0.479,.,40,H,-1.002,.,40,H,37,43,ALLHGLD,0.906,40,H,38,43,LLHGLD,0.266,40,H,37,43,ALLHGLD,0.937,40,H,37,43,ALLHGLD,1.094,40,H,37,43,ALLHGLD,-1.1
41,G,0.48,.,41,G,-1.016,.,41,G,38,44,LLHGLDF,1.026,41,G,39,44,LHGLDF,0.28,41,G,38,44,LLHGLDF,0.938,41,G,38,44,LLHGLDF,1.098,41,G,38,44,LLHGLDF,-2.714
42,L,0.491,.,42,L,-0.82,.,42,L,39,45,LHGLDFS,1.047,42,L,40,45,HGLDFS,0.454,42,L,39,45,LHGLDFS,0.948,42,L,39,45,LHGLDFS,1.064,42,L,39,45,LHGLDFS,-0.471
43,D,0.511,E,43,D,-0.554,.,43,D,40,46,HGLDFSE,0.983,43,D,41,46,GLDFSE,0.578,43,D,40,46,HGLDFSE,0.959,43,D,40,46,HGLDFSE,1.007,43,D,40,46,HGLDFSE,1.957
44,F,0.541,E,44,F,-0.15,.,44,F,41,47,GLDFSEV,0.964,44,F,42,47,LDFSEV,0.434,44,F,41,47,GLDFSEV,0.973,44,F,41,47,GLDFSEV,1.047,44,F,41,47,GLDFSEV,1.129
45,S,0.545,E,45,S,0.084,.,45,S,42,48,LDFSEVS,1.103,45,S,43,48,DFSEVS,0.705,45,S,42,48,LDFSEVS,0.996,45,S,42,48,LDFSEVS,1.066,45,S,42,48,LDFSEVS,1.243
46,E,0.534,E,46,E,-0.049,.,46,E,43,49,DFSEVSN,0.966,46,E,44,49,FSEVSN,0.679,46,E,43,49,DFSEVSN,1.008,46,E,43,49,DFSEVSN,0.999,46,E,43,49,DFSEVSN,3.557
47,V,0.534,E,47,V,0.244,.,47,V,44,50,FSEVSNV,1.02,47,V,45,50,SEVSNV,0.582,47,V,44,50,FSEVSNV,1.013,47,V,44,50,FSEVSNV,1.073,47,V,44,50,FSEVSNV,1.6
48,S,0.535,E,48,S,-0.001,.,48,S,45,51,SEVSNVQ,0.951,48,S,46,51,EVSNVQ,0.752,48,S,45,51,SEVSNVQ,1.017,48,S,45,51,SEVSNVQ,1.062,48,S,45,51,SEVSNVQ,3.771
49,N,0.541,E,49,N,-0.093,.,49,N,46,52,EVSNVQR,0.93,49,N,47,52,VSNVQR,0.85,49,N,46,52,EVSNVQR,1.012,49,N,46,52,EVSNVQR,1.042,49,N,46,52,EVSNVQR,3.443
50,V,0.511,E,50,V,-0.424,.,50,V,47,53,VSNVQRL,0.944,50,V,48,53,SNVQRL,0.945,50,V,47,53,VSNVQRL,1.008,50,V,47,53,VSNVQRL,1.099,50,V,47,53,VSNVQRL,1.014
51,Q,0.506,E,51,Q,-0.575,.,51,Q,48,54,SNVQRLM,0.876,51,Q,49,54,NVQRLM,0.698,51,Q,48,54,SNVQRLM,0.999,51,Q,48,54,SNVQRLM,1.019,51,Q,48,54,SNVQRLM,0.943
52,R,0.52,E,52,R,-0.458,.,52,R,49,55,NVQRLMR,0.797,52,R,50,55,VQRLMR,0.85,52,R,49,55,NVQRLMR,0.988,52,R,49,55,NVQRLMR,0.999,52,R,49,55,NVQRLMR,0.614
53,L,0.528,E,53,L,-0.445,.,53,L,50,56,VQRLMRK,0.866,53,L,51,56,QRLMRK,2.29,53,L,50,56,VQRLMRK,0.981,53,L,50,56,VQRLMRK,1.021,53,L,50,56,VQRLMRK,0.429
54,M,0.531,E,54,M,-0.394,.,54,M,51,57,QRLMRKQ,0.87,54,M,52,57,RLMRKQ,2.29,54,M,51,57,QRLMRKQ,0.991,54,M,51,57,QRLMRKQ,0.969,54,M,51,57,QRLMRKQ,1.814
55,R,0.553,E,55,R,-0.15,.,55,R,52,58,RLMRKQK,0.87,55,R,53,58,LMRKQK,2.338,55,R,52,58,RLMRKQK,1.022,55,R,52,58,RLMRKQK,0.957,55,R,52,58,RLMRKQK,1.771
56,K,0.557,E,56,K,0.089,.,56,K,53,59,LMRKQKR,0.994,56,K,54,59,MRKQKR,5.553,56,K,53,59,LMRKQKR,1.054,56,K,53,59,LMRKQKR,0.957,56,K,53,59,LMRKQKR,1.771
57,Q,0.55,E,57,Q,0.458,E,57,Q,54,60,MRKQKRD,1.117,57,Q,55,60,RKQKRD,9.371,57,Q,54,60,MRKQKRD,1.078,57,Q,54,60,MRKQKRD,0.902,57,Q,54,60,MRKQKRD,4.514
58,K,0.551,E,58,K,0.964,E,58,K,55,61,RKQKRDD,1.186,58,K,56,61,KQKRDD,7.99,58,K,55,61,RKQKRDD,1.081,58,K,55,61,RKQKRDD,0.908,58,K,55,61,RKQKRDD,6.543
59,R,0.572,E,59,R,1.411,E,59,R,56,62,KQKRDDS,1.25,59,R,57,62,QKRDDS,5.354,59,R,56,62,KQKRDDS,1.074,59,R,56,62,KQKRDDS,0.927,59,R,56,62,KQKRDDS,6.871
60,D,0.553,E,60,D,1.214,E,60,D,57,63,QKRDDSD,1.194,60,D,58,63,KRDDSD,5.163,60,D,57,63,QKRDDSD,1.07,60,D,57,63,QKRDDSD,0.918,60,D,57,63,QKRDDSD,7.486
61,D,0.56,E,61,D,1.156,E,61,D,58,64,KRDDSDL,1.194,61,D,59,64,RDDSDL,2.129,61,D,58,64,KRDDSDL,1.066,61,D,58,64,KRDDSDL,0.952,61,D,58,64,KRDDSDL,5.314
62,S,0.553,E,62,S,0.975,E,62,S,59,65,RDDSDLK,1.194,62,S,60,65,DDSDLK,2.174,62,S,59,65,RDDSDLK,1.073,62,S,59,65,RDDSDLK,0.952,62,S,59,65,RDDSDLK,5.314
63,D,0.541,E,63,D,0.569,E,63,D,60,66,DDSDLKR,1.07,63,D,61,66,DSDLKR,2.55,63,D,60,66,DDSDLKR,1.066,63,D,60,66,DDSDLKR,0.952,63,D,60,66,DDSDLKR,5.314
64,L,0.543,E,64,L,0.381,E,64,L,61,67,DSDLKRL,0.997,64,L,62,67,SDLKRL,1.259,64,L,61,67,DSDLKRL,1.048,64,L,61,67,DSDLKRL,1.007,64,L,61,67,DSDLKRL,2.571
65,K,0.537,E,65,K,0.217,.,65,K,62,68,SDLKRLR,1.001,65,K,63,68,DLKRLR,1.84,65,K,62,68,SDLKRLR,1.039,65,K,62,68,SDLKRLR,1.008,65,K,62,68,SDLKRLR,1.743
66,R,0.506,E,66,R,-0.301,.,66,R,63,69,DLKRLRD,0.877,66,R,64,69,LKRLRD,1.84,66,R,63,69,DLKRLRD,1.027,66,R,63,69,DLKRLRD,0.987,66,R,63,69,DLKRLRD,2.243
67,L,0.501,E,67,L,-0.333,.,67,L,64,70,LKRLRDL,1.016,67,L,65,70,KRLRDL,1.84,67,L,64,70,LKRLRDL,1.019,67,L,64,70,LKRLRDL,1.042,67,L,64,70,LKRLRDL,-0.5
68,R,0.504,E,68,R,-0.501,.,68,R,65,71,KRLRDLN,1.011,68,R,66,71,RLRDLN,1.48,68,R,65,71,KRLRDLN,1.022,68,R,65,71,KRLRDLN,0.974,68,R,65,71,KRLRDLN,1.814
69,D,0.526,E,69,D,-0.248,.,69,D,66,72,RLRDLNQ,0.97,69,D,67,72,LRDLNQ,1.308,69,D,66,72,RLRDLNQ,1.021,69,D,66,72,RLRDLNQ,0.986,69,D,66,72,RLRDLNQ,1.857
70,L,0.496,.,70,L,-0.323,.,70,L,67,73,LRDLNQA,0.957,70,L,68,73,RDLNQA,1.603,70,L,67,73,LRDLNQA,1.011,70,L,67,73,LRDLNQA,1.013,70,L,67,73,LRDLNQA,1.557
71,N,0.499,.,71,N,-0.181,.,71,N,68,74,RDLNQAV,1.044,71,N,69,74,DLNQAV,0.607,71,N,68,74,RDLNQAV,1.002,71,N,68,74,RDLNQAV,1.032,71,N,68,74,RDLNQAV,2.343
72,Q,0.515,E,72,Q,0.096,.,72,Q,69,75,DLNQAVN,1.059,72,Q,70,75,LNQAVN,0.585,72,Q,69,75,DLNQAVN,0.991,72,Q,69,75,DLNQAVN,1.019,72,Q,69,75,DLNQAVN,2.743
73,A,0.504,E,73,A,-0.124,.,73,A,70,76,LNQAVNN,1.059,73,A,71,76,NQAVNN,1.14,73,A,70,76,LNQAVNN,0.978,73,A,70,76,LNQAVNN,1.006,73,A,70,76,LNQAVNN,2.314
74,V,0.507,E,74,V,-0.441,.,74,V,71,77,NQAVNNL,0.907,74,V,72,77,QAVNNL,0.585,74,V,71,77,NQAVNNL,0.975,74,V,71,77,NQAVNNL,1.006,74,V,71,77,NQAVNNL,2.314
75,N,0.54,E,75,N,-0.202,.,75,N,72,78,QAVNNLV,0.873,75,N,73,78,AVNNLV,0.251,75,N,72,78,QAVNNLV,0.975,75,N,72,78,QAVNNLV,1.092,75,N,72,78,QAVNNLV,0.786
76,N,0.546,E,76,N,-0.602,.,76,N,73,79,AVNNLVE,0.863,76,N,74,79,VNNLVE,0.43,76,N,73,79,AVNNLVE,0.969,76,N,73,79,AVNNLVE,1.069,76,N,73,79,AVNNLVE,1.043
77,L,0.559,E,77,L,-0.549,.,77,L,74,80,VNNLVEL,0.936,77,L,75,80,NNLVEL,0.477,77,L,74,80,VNNLVEL,0.963,77,L,74,80,VNNLVEL,1.096,77,L,74,80,VNNLVEL,-0.571
78,V,0.563,E,78,V,-0.462,.,78,V,75,81,NNLVELK,0.917,78,V,76,81,NLVELK,0.594,78,V,75,81,NNLVELK,0.964,78,V,75,81,NNLVELK,1.031,78,V,75,81,NNLVELK,0.771
79,E,0.594,E,79,E,-0.23,.,79,E,76,82,NLVELKS,0.831,79,E,77,82,LVELKS,0.495,79,E,76,82,NLVELKS,0.98,79,E,76,82,NLVELKS,1.065,79,E,76,82,NLVELKS,0.7
80,L,0.601,E,80,L,-0.123,.,80,L,77,83,LVELKST,0.887,80,L,78,83,VELKST,0.866,80,L,77,83,LVELKST,1.009,80,L,77,83,LVELKST,1.084,80,L,77,83,LVELKST,0.443
81,K,0.605,E,81,K,0.035,.,81,K,78,84,VELKSTQ,0.956,81,K,79,84,ELKSTQ,2.02,81,K,78,84,VELKSTQ,1.052,81,K,78,84,VELKSTQ,1.05,81,K,78,84,VELKSTQ,2.614
82,S,0.618,E,82,S,0.399,E,82,S,79,85,ELKSTQQ,0.994,82,S,80,85,LKSTQQ,2.02,82,S,79,85,ELKSTQQ,1.094,82,S,79,85,ELKSTQQ,0.997,82,S,79,85,ELKSTQQ,4
83,T,0.619,E,83,T,0.654,E,83,T,80,86,LKSTQQK,1.114,83,T,81,86,KSTQQK,4.899,83,T,80,86,LKSTQQK,1.116,83,T,80,86,LKSTQQK,1.009,83,T,80,86,LKSTQQK,3.7
84,Q,0.604,E,84,Q,0.355,E,84,Q,81,87,KSTQQKS,1.037,84,Q,82,87,STQQKS,3.283,84,Q,81,87,KSTQQKS,1.127,84,Q,81,87,KSTQQKS,0.975,84,Q,81,87,KSTQQKS,5.943
85,Q,0.587,E,85,Q,0.258,.,85,Q,82,88,STQQKSI,0.917,85,Q,83,88,TQQKSI,1.717,85,Q,82,88,STQQKSI,1.109,85,Q,82,88,STQQKSI,1.006,85,Q,82,88,STQQKSI,3.986
86,K,0.569,E,86,K,0.097,.,86,K,83,89,TQQKSIL,0.916,86,K,84,89,QQKSIL,0.981,86,K,83,89,TQQKSIL,1.072,86,K,83,89,TQQKSIL,1.04,86,K,83,89,TQQKSIL,1.743
87,S,0.55,E,87,S,-0.158,.,87,S,84,90,QQKSILR,0.847,87,S,85,90,QKSILR,1.11,87,S,84,90,QQKSILR,1.029,87,S,84,90,QQKSILR,1.035,87,S,84,90,QQKSILR,1.6
88,I,0.54,E,88,I,-0.27,.,88,I,85,91,QKSILRV,0.93,88,I,86,91,KSILRV,0.476,88,I,85,91,QKSILRV,0.983,88,I,85,91,QKSILRV,1.088,88,I,85,91,QKSILRV,0.214
89,L,0.534,E,89,L,-0.378,.,89,L,86,92,KSILRVG,0.923,89,L,87,92,SILRVG,0.235,89,L,86,92,KSILRVG,0.964,89,L,86,92,KSILRVG,1.068,89,L,86,92,KSILRVG,0.171
90,R,0.517,E,90,R,-0.735,.,90,R,87,93,SILRVGT,0.803,90,R,88,93,ILRVGT,0.253,90,R,87,93,SILRVGT,0.962,90,R,87,93,SILRVGT,1.065,90,R,87,93,SILRVGT,0.1
91,V,0.509,E,91,V,-0.724,.,91,V,88,94,ILRVGTL,0.873,91,V,89,94,LRVGTL,0.298,91,V,88,94,ILRVGTL,0.978,91,V,88,94,ILRVGTL,1.099,91,V,88,94,ILRVGTL,-2.143
92,G,0.505,E,92,G,-0.605,.,92,G,89,95,LRVGTLT,0.993,92,G,90,95,RVGTLT,0.522,92,G,89,95,LRVGTLT,1.001,92,G,89,95,LRVGTLT,1.064,92,G,89,95,LRVGTLT,-0.257
93,T,0.523,E,93,T,-0.095,.,93,T,90,96,RVGTLTS,1.066,93,T,91,96,VGTLTS,0.357,93,T,90,96,RVGTLTS,1.023,93,T,90,96,RVGTLTS,1.03,93,T,90,96,RVGTLTS,1.986
94,L,0.542,E,94,L,0.41,E,94,L,91,97,VGTLTSD,1.203,94,L,92,97,GTLTSD,0.803,94,L,91,97,VGTLTSD,1.038,94,L,91,97,VGTLTSD,1.029,94,L,91,97,VGTLTSD,2.814
95,T,0.532,E,95,T,0.215,.,95,T,92,98,GTLTSDD,1.064,95,T,93,98,TLTSDD,1.356,95,T,92,98,GTLTSDD,1.057,95,T,92,98,GTLTSDD,0.955,95,T,92,98,GTLTSDD,4.771
96,S,0.544,E,96,S,0.012,.,96,S,93,99,TLTSDDL,1.011,96,S,94,99,LTSDDL,0.775,96,S,93,99,TLTSDDL,1.066,96,S,93,99,TLTSDDL,1.009,96,S,93,99,TLTSDDL,2.643
97,D,0.536,E,97,D,-0.101,.,97,D,94,100,LTSDDLL,1.064,97,D,95,100,TSDDLL,0.775,97,D,94,100,LTSDDLL,1.054,97,D,94,100,LTSDDLL,1.058,97,D,94,100,LTSDDLL,0.586
98,D,0.502,E,98,D,-0.466,.,98,D,95,101,TSDDLLT,1.011,98,D,96,101,SDDLLT,0.775,98,D,95,101,TSDDLLT,1.036,98,D,95,101,TSDDLLT,1.009,98,D,95,101,TSDDLLT,2.643
99,L,0.476,.,99,L,-0.274,.,99,L,96,102,SDDLLTL,0.901,99,L,97,102,DDLLTL,0.477,99,L,96,102,SDDLLTL,1.004,99,L,96,102,SDDLLTL,1.058,99,L,96,102,SDDLLTL,0.586
100,L,0.469,.,100,L,-0.447,.,100,L,97,103,DDLLTLA,0.787,100,L,98,103,DLLTLA,0.288,100,L,97,103,DDLLTLA,0.972,100,L,97,103,DDLLTLA,1.065,100,L,97,103,DDLLTLA,-0.043
101,T,0.456,.,101,T,-0.403,.,101,T,98,104,DLLTLAA,0.787,101,T,99,104,LLTLAA,0.174,101,T,98,104,DLLTLAA,0.953,101,T,98,104,DLLTLAA,1.093,101,T,98,104,DLLTLAA,-1.171
102,L,0.416,.,102,L,-0.831,.,102,L,99,105,LLTLAAD,0.787,102,L,100,105,LTLAAD,0.353,102,L,99,105,LLTLAAD,0.939,102,L,99,105,LLTLAAD,1.093,102,L,99,105,LLTLAAD,-1.171
103,A,0.416,.,103,A,-0.894,.,103,A,100,106,LTLAADL,0.809,103,A,101,106,TLAADL,0.353,103,A,100,106,LTLAADL,0.934,103,A,100,106,LTLAADL,1.093,103,A,100,106,LTLAADL,-1.171
104,A,0.421,.,104,A,-0.626,.,104,A,101,107,TLAADLE,0.816,104,A,102,107,LAADLE,0.424,104,A,101,107,TLAADLE,0.943,104,A,101,107,TLAADLE,1.036,104,A,101,107,TLAADLE,1.257
105,D,0.403,.,105,D,-0.498,.,105,D,102,108,LAADLEK,0.816,105,D,103,108,AADLEK,1.028,105,D,102,108,LAADLEK,0.96,105,D,102,108,LAADLEK,1.039,105,D,102,108,LAADLEK,1.329
106,L,0.406,.,106,L,-0.36,.,106,L,103,109,AADLEKL,0.866,106,L,104,109,ADLEKL,0.839,106,L,103,109,AADLEKL,0.98,106,L,103,109,AADLEKL,1.039,106,L,103,109,AADLEKL,1.329
107,E,0.43,.,107,E,-0.018,.,107,E,104,110,ADLEKLK,0.976,107,E,105,110,DLEKLK,1.661,107,E,104,110,ADLEKLK,1.007,107,E,104,110,ADLEKLK,1.02,107,E,104,110,ADLEKLK,1.843
108,K,0.447,.,108,K,0.003,.,108,K,105,111,DLEKLKS,0.911,108,K,106,111,LEKLKS,1.333,108,K,105,111,DLEKLKS,1.033,108,K,105,111,DLEKLKS,1.013,108,K,105,111,DLEKLKS,2.471
109,L,0.43,.,109,L,-0.112,.,109,L,106,112,LEKLKSK,0.899,109,L,107,112,EKLKSK,3.233,109,L,106,112,LEKLKSK,1.051,109,L,106,112,LEKLKSK,1.022,109,L,106,112,LEKLKSK,1.857
110,K,0.449,.,110,K,-0.576,.,110,K,107,113,EKLKSKV,0.86,110,K,108,113,KLKSKV,1.386,110,K,107,113,EKLKSKV,1.064,110,K,107,113,EKLKSKV,1.041,110,K,107,113,EKLKSKV,2.643
111,S,0.487,.,111,S,-0.365,.,111,S,108,114,KLKSKVI,0.851,111,S,109,114,LKSKVI,0.486,111,S,108,114,KLKSKVI,1.058,111,S,108,114,KLKSKVI,1.084,111,S,108,114,KLKSKVI,0.386
112,K,0.477,.,112,K,-0.392,.,112,K,109,115,LKSKVIR,0.904,112,K,110,115,KSKVIR,1.153,112,K,109,115,LKSKVIR,1.035,112,K,109,115,LKSKVIR,1.076,112,K,109,115,LKSKVIR,0.171
113,V,0.499,.,113,V,-0.14,.,113,V,110,116,KSKVIRT,0.866,113,V,111,116,SKVIRT,0.832,113,V,110,116,KSKVIRT,1.011,113,V,110,116,KSKVIRT,1.027,113,V,110,116,KSKVIRT,2.229
114,I,0.534,E,114,I,0.213,.,114,I,111,117,SKVIRTE,0.797,114,I,112,117,KVIRTE,1.076,114,I,111,117,SKVIRTE,1,114,I,111,117,SKVIRTE,1.016,114,I,111,117,SKVIRTE,2.529
115,R,0.556,E,115,R,0.239,.,115,R,112,118,KVIRTER,0.87,115,R,113,118,VIRTER,1.054,115,R,112,118,KVIRTER,1.011,115,R,112,118,KVIRTER,0.996,115,R,112,118,KVIRTER,2.2
116,T,0.58,E,116,T,0.05,.,116,T,113,119,VIRTERP,0.883,116,T,114,119,IRTERP,2.195,116,T,113,119,VIRTERP,1.033,116,T,113,119,VIRTERP,1.015,116,T,113,119,VIRTERP,1.686
117,E,0.598,E,117,E,0.251,.,117,E,114,120,IRTERPL,1.02,117,E,115,120,RTERPL,2.582,117,E,114,120,IRTERPL,1.05,117,E,114,120,IRTERPL,0.996,117,E,114,120,IRTERPL,0.9
118,R,0.618,E,118,R,0.518,E,118,R,115,121,RTERPLS,1.089,118,R,116,121,TERPLS,1.767,118,R,115,121,RTERPLS,1.053,118,R,115,121,RTERPLS,0.976,118,R,115,121,RTERPLS,2.971
119,P,0.611,E,119,P,0.899,E,119,P,116,122,TERPLSS,1.174,119,P,117,122,ERPLSS,1.641,119,P,116,122,TERPLSS,1.055,119,P,116,122,TERPLSS,0.996,119,P,116,122,TERPLSS,3.3
120,L,0.591,E,120,L,0.748,E,120,L,117,123,ERPLSSG,1.14,120,L,118,123,RPLSSG,0.937,120,L,117,123,ERPLSSG,1.051,120,L,117,123,ERPLSSG,0.991,120,L,117,123,ERPLSSG,3.371
121,S,0.589,E,121,S,0.605,E,121,S,118,124,RPLSSGV,1.167,121,S,119,124,PLSSGV,0.355,121,S,118,124,RPLSSGV,1.051,121,S,118,124,RPLSSGV,1.067,121,S,118,124,RPLSSGV,1.729
122,S,0.565,E,122,S,0.179,.,122,S,119,125,PLSSGVY,1.036,122,S,120,125,LSSGVY,0.36,122,S,119,125,PLSSGVY,1.041,122,S,119,125,PLSSGVY,1.108,122,S,119,125,PLSSGVY,0.857
123,G,0.539,E,123,G,0.072,.,123,G,120,126,LSSGVYM,1.174,123,G,121,126,SSGVYM,0.432,123,G,120,126,LSSGVYM,1.003,123,G,120,126,LSSGVYM,1.074,123,G,120,126,LSSGVYM,-0.043
124,V,0.515,E,124,V,0.062,.,124,V,121,127,SSGVYMG,1.193,124,V,122,127,SGVYMG,0.319,124,V,121,127,SSGVYMG,0.969,124,V,121,127,SSGVYMG,1.02,124,V,121,127,SSGVYMG,2.086
125,Y,0.486,.,125,Y,0.025,.,125,Y,122,128,SGVYMGN,1.073,125,Y,123,128,GVYMGN,0.383,125,Y,122,128,SGVYMGN,0.941,125,Y,122,128,SGVYMGN,0.987,125,Y,122,128,SGVYMGN,2.157
126,M,0.489,.,126,M,-0.094,.,126,M,123,129,GVYMGNL,1.054,126,M,124,129,VYMGNL,0.319,126,M,123,129,GVYMGNL,0.935,126,M,123,129,GVYMGNL,1.021,126,M,123,129,GVYMGNL,-0.086
127,G,0.496,.,127,G,-0.092,.,127,G,124,130,VYMGNLS,1.12,127,G,125,130,YMGNLS,0.576,127,G,124,130,VYMGNLS,0.96,127,G,124,130,VYMGNLS,1.04,127,G,124,130,VYMGNLS,0.029
128,N,0.508,E,128,N,-0.103,.,128,N,125,131,YMGNLST,1.097,128,N,126,131,MGNLST,0.53,128,N,125,131,YMGNLST,0.986,128,N,125,131,YMGNLST,0.973,128,N,125,131,YMGNLST,1.3
129,L,0.535,E,129,L,0.155,.,129,L,126,132,MGNLSTQ,1.151,129,L,127,132,GNLSTQ,0.928,129,L,126,132,MGNLSTQ,1.018,129,L,126,132,MGNLSTQ,0.952,129,L,126,132,MGNLSTQ,2.429
130,S,0.543,E,130,S,0.041,.,130,S,127,133,GNLSTQQ,1.013,130,S,128,133,NLSTQQ,1.625,130,S,127,133,GNLSTQQ,1.045,130,S,127,133,GNLSTQQ,0.979,130,S,127,133,GNLSTQQ,3.886
131,T,0.559,E,131,T,0.327,.,131,T,128,134,NLSTQQL,0.896,131,T,129,134,LSTQQL,0.833,131,T,128,134,NLSTQQL,1.056,131,T,128,134,NLSTQQL,1.032,131,T,128,134,NLSTQQL,1.757
132,Q,0.573,E,132,Q,0.365,E,132,Q,129,135,LSTQQLE,0.951,132,Q,130,135,STQQLE,1.75,132,Q,129,135,LSTQQLE,1.062,132,Q,129,135,LSTQQLE,1.043,132,Q,129,135,LSTQQLE,1.871
133,Q,0.588,E,133,Q,0.373,E,133,Q,130,136,STQQLEQ,0.883,133,Q,131,136,TQQLEQ,2.261,133,Q,130,136,STQQLEQ,1.059,133,Q,130,136,STQQLEQ,1.01,133,Q,130,136,STQQLEQ,4.043
134,L,0.612,E,134,L,0.563,E,134,L,131,137,TQQLEQR,0.881,134,L,132,137,QQLEQR,3.069,134,L,131,137,TQQLEQR,1.052,134,L,131,137,TQQLEQR,0.99,134,L,131,137,TQQLEQR,3.714
135,E,0.61,E,135,E,0.319,.,135,E,132,138,QQLEQRR,0.836,135,E,133,138,QLEQRR,3.47,135,E,132,138,QQLEQRR,1.054,135,E,132,138,QQLEQRR,0.985,135,E,132,138,QQLEQRR,3.571
136,Q,0.581,E,136,Q,-0.096,.,136,Q,133,139,QLEQRRA,0.78,136,Q,134,139,LEQRRA,2.024,136,Q,133,139,QLEQRRA,1.053,136,Q,133,139,QLEQRRA,0.992,136,Q,133,139,QLEQRRA,3.014
137,R,0.552,E,137,R,-0.566,.,137,R,134,140,LEQRRAL,0.78,137,R,135,140,EQRRAL,2.024,137,R,134,140,LEQRRAL,1.036,137,R,134,140,LEQRRAL,1.025,137,R,134,140,LEQRRAL,0.843
138,R,0.537,E,138,R,-0.769,.,138,R,135,141,EQRRALL,0.897,138,R,136,141,QRRALL,0.964,138,R,135,141,EQRRALL,1.015,138,R,135,141,EQRRALL,1.025,138,R,135,141,EQRRALL,0.843
139,A,0.528,E,139,A,-0.787,.,139,A,136,142,QRRALLN,0.843,139,A,137,142,RRALLN,0.895,139,A,136,142,QRRALLN,0.983,139,A,136,142,QRRALLN,1.014,139,A,136,142,QRRALLN,0.729
140,L,0.504,E,140,L,-1.199,.,140,L,137,143,RRALLNM,0.774,140,L,138,143,RALLNM,0.452,140,L,137,143,RRALLNM,0.951,140,L,137,143,RRALLNM,0.987,140,L,137,143,RRALLNM,-0.729
141,L,0.493,.,141,L,-1.318,.,141,L,138,144,RALLNMI,0.861,141,L,139,144,ALLNMI,0.162,141,L,138,144,RALLNMI,0.933,141,L,138,144,RALLNMI,1.027,141,L,138,144,RALLNMI,-2.471
142,N,0.478,.,142,N,-1.584,.,142,N,139,145,ALLNMIG,0.853,142,N,140,145,LLNMIG,0.159,142,N,139,145,ALLNMIG,0.918,142,N,139,145,ALLNMIG,1.027,142,N,139,145,ALLNMIG,-2.257
143,M,0.473,.,143,M,-1.663,.,143,M,140,146,LLNMIGM,0.84,143,M,141,146,LNMIGM,0.19,143,M,140,146,LLNMIGM,0.904,143,M,140,146,LLNMIGM,0.993,143,M,140,146,LLNMIGM,-3.157
144,I,0.477,.,144,I,-1.435,.,144,I,141,147,LNMIGMV,0.979,144,I,142,147,NMIGMV,0.171,144,I,141,147,LNMIGMV,0.9,144,I,141,147,LNMIGMV,1.012,144,I,141,147,LNMIGMV,-2.371
145,G,0.51,E,145,G,-0.942,.,145,G,142,148,NMIGMVG,0.979,145,G,143,148,MIGMVG,0.105,145,G,142,148,NMIGMVG,0.906,145,G,142,148,NMIGMVG,0.959,145,G,142,148,NMIGMVG,-0.243
146,M,0.543,E,146,M,-0.429,.,146,M,143,149,MIGMVGG,0.987,146,M,144,149,IGMVGG,0.105,146,M,143,149,MIGMVGG,0.923,146,M,143,149,MIGMVGG,0.973,146,M,143,149,MIGMVGG,-0.429
147,V,0.573,E,147,V,-0.111,.,147,V,144,150,IGMVGGA,1.06,147,V,145,150,GMVGGA,0.152,147,V,144,150,IGMVGGA,0.955,147,V,144,150,IGMVGGA,1.007,147,V,144,150,IGMVGGA,0.471
148,G,0.59,E,148,G,0.307,.,148,G,145,151,GMVGGAQ,1.06,148,G,146,151,MVGGAQ,0.266,148,G,145,151,GMVGGAQ,0.99,148,G,145,151,GMVGGAQ,0.987,148,G,145,151,GMVGGAQ,2.471
149,G,0.623,E,149,G,0.876,E,149,G,146,152,MVGGAQG,1.111,149,G,147,152,VGGAQG,0.266,149,G,146,152,MVGGAQG,1.021,149,G,146,152,MVGGAQG,0.987,149,G,146,152,MVGGAQG,2.471
150,A,0.644,E,150,A,1.249,E,150,A,147,153,VGGAQGT,1.18,150,A,148,153,GGAQGT,0.517,150,A,147,153,VGGAQGT,1.046,150,A,147,153,VGGAQGT,0.999,150,A,147,153,VGGAQGT,3.814
151,Q,0.665,E,151,Q,1.605,E,151,Q,148,154,GGAQGTQ,1.174,151,Q,149,154,GAQGTQ,0.904,151,Q,148,154,GGAQGTQ,1.069,151,Q,148,154,GGAQGTQ,0.946,151,Q,148,154,GGAQGTQ,5.2
152,G,0.66,E,152,G,1.96,E,152,G,149,155,GAQGTQP,1.174,152,G,150,155,AQGTQP,1.413,152,G,149,155,GAQGTQP,1.086,152,G,149,155,GAQGTQP,0.974,152,G,149,155,GAQGTQP,4.686
153,T,0.662,E,153,T,2.138,E,153,T,150,156,AQGTQPG,1.216,153,T,151,156,QGTQPG,1.384,153,T,150,156,AQGTQPG,1.098,153,T,150,156,AQGTQPG,0.974,153,T,150,156,AQGTQPG,4.686
154,Q,0.655,E,154,Q,2.217,E,154,Q,151,157,QGTQPGR,1.284,154,Q,152,157,GTQPGR,1.566,154,Q,151,157,QGTQPGR,1.105,154,Q,151,157,QGTQPGR,0.946,154,Q,151,157,QGTQPGR,4.986
155,P,0.627,E,155,P,2.148,E,155,P,152,158,GTQPGRD,1.284,155,P,153,158,TQPGRD,2.642,155,P,152,158,GTQPGRD,1.096,155,P,152,158,GTQPGRD,0.925,155,P,152,158,GTQPGRD,5.557
156,G,0.583,E,156,G,1.805,E,156,G,153,159,TQPGRDG,1.219,156,G,154,159,QPGRDG,1.812,156,G,153,159,TQPGRDG,1.085,156,G,153,159,TQPGRDG,0.925,156,G,153,159,TQPGRDG,5.557
157,R,0.555,E,157,R,1.435,E,157,R,154,160,QPGRDGV,1.15,157,R,155,160,PGRDGV,0.776,157,R,154,160,QPGRDGV,1.06,157,R,154,160,QPGRDGV,0.993,157,R,154,160,QPGRDGV,4.286
158,D,0.527,E,158,D,1.102,E,158,D,155,161,PGRDGVV,1.069,158,D,156,161,GRDGVV,0.373,158,D,155,161,PGRDGVV,1.031,158,D,155,161,PGRDGVV,1.045,158,D,155,161,PGRDGVV,2.9
159,G,0.482,.,159,G,0.642,E,159,G,156,162,GRDGVVR,0.917,159,G,157,162,RDGVVR,0.738,159,G,156,162,GRDGVVR,1.001,159,G,156,162,GRDGVVR,1.018,159,G,156,162,GRDGVVR,3.2
160,V,0.452,.,160,V,0.191,.,160,V,157,163,RDGVVRV,0.919,160,V,158,163,DGVVRV,0.28,160,V,157,163,RDGVVRV,0.966,160,V,157,163,RDGVVRV,1.091,160,V,157,163,RDGVVRV,1.857
161,V,0.438,.,161,V,0.052,.,161,V,158,164,DGVVRVW,0.919,161,V,159,164,GVVRVW,0.176,161,V,158,164,DGVVRVW,0.943,161,V,158,164,DGVVRVW,1.094,161,V,158,164,DGVVRVW,-0.171
162,R,0.409,.,162,R,-0.306,.,162,R,159,165,GVVRVWD,0.767,162,R,160,165,VVRVWD,0.297,162,R,159,165,GVVRVWD,0.927,162,R,159,165,GVVRVWD,1.094,162,R,159,165,GVVRVWD,-0.171
163,V,0.419,.,163,V,-0.344,.,163,V,160,166,VVRVWDV,0.84,163,V,161,166,VRVWDV,0.297,163,V,160,166,VVRVWDV,0.924,163,V,160,166,VVRVWDV,1.166,163,V,160,166,VVRVWDV,-1.514
164,W,0.438,.,164,W,-0.183,.,164,W,161,167,VRVWDVK,0.991,164,W,162,167,RVWDVK,0.8,164,W,161,167,VRVWDVK,0.939,164,W,161,167,VRVWDVK,1.102,164,W,161,167,VRVWDVK,-0.171
165,D,0.458,.,165,D,0.049,.,165,D,162,168,RVWDVKN,1.073,165,D,163,168,VWDVKN,0.657,165,D,162,168,RVWDVKN,0.966,165,D,162,168,RVWDVKN,1.015,165,D,162,168,RVWDVKN,1.357
166,V,0.483,.,166,V,0.439,E,166,V,163,169,VWDVKNP,1.21,166,V,164,169,WDVKNP,1.369,166,V,163,169,VWDVKNP,1.001,166,V,163,169,VWDVKNP,1.042,166,V,163,169,VWDVKNP,1.057
167,K,0.505,E,167,K,0.31,.,167,K,164,170,WDVKNPD,1.157,167,K,165,170,DVKNPD,2.174,167,K,164,170,WDVKNPD,1.038,167,K,164,170,WDVKNPD,0.968,167,K,164,170,WDVKNPD,3.014
168,N,0.519,E,168,N,0.182,.,168,N,165,171,DVKNPDL,1.033,168,N,166,171,VKNPDL,1.074,168,N,165,171,DVKNPDL,1.057,168,N,165,171,DVKNPDL,1.019,168,N,165,171,DVKNPDL,3.129
169,P,0.529,E,169,P,0.498,E,169,P,166,172,VKNPDLL,1.184,169,P,167,172,KNPDLL,1.193,169,P,166,172,VKNPDLL,1.054,169,P,166,172,VKNPDLL,1.074,169,P,166,172,VKNPDLL,0.386
170,D,0.544,E,170,D,0.411,E,170,D,167,173,KNPDLLN,1.263,170,D,168,173,NPDLLN,0.959,170,D,167,173,KNPDLLN,1.04,170,D,167,173,KNPDLLN,0.987,170,D,167,173,KNPDLLN,1.914
171,L,0.569,E,171,L,0.622,E,171,L,168,174,NPDLLNN,1.18,171,L,169,174,PDLLNN,0.959,171,L,168,174,NPDLLNN,1.022,171,L,168,174,NPDLLNN,0.965,171,L,168,174,NPDLLNN,2.1
172,L,0.561,E,172,L,0.234,.,172,L,169,175,PDLLNNQ,1.049,172,L,170,175,DLLNNQ,1.074,172,L,169,175,PDLLNNQ,1.015,172,L,169,175,PDLLNNQ,1,172,L,169,175,PDLLNNQ,1.957
173,N,0.565,E,173,N,0.059,.,173,N,170,176,DLLNNQF,1.063,173,N,171,176,LLNNQF,0.557,173,N,170,176,DLLNNQF,1.016,173,N,170,176,DLLNNQF,1.003,173,N,170,176,DLLNNQF,0.343
174,N,0.565,E,174,N,0.085,.,174,N,171,177,LLNNQFG,1.116,174,N,172,177,LNNQFG,0.668,174,N,171,177,LLNNQFG,1.022,174,N,171,177,LLNNQFG,1.005,174,N,171,177,LLNNQFG,-0.271
175,Q,0.548,E,175,Q,-0.108,.,175,Q,172,178,LNNQFGT,1.117,175,Q,173,178,NNQFGT,1.17,175,Q,172,178,LNNQFGT,1.023,175,Q,172,178,LNNQFGT,0.956,175,Q,172,178,LNNQFGT,1.786
176,F,0.537,E,176,F,0.12,.,176,F,173,179,NNQFGTM,1.111,176,F,174,179,NQFGTM,0.72,176,F,173,179,NNQFGTM,1.014,176,F,173,179,NNQFGTM,0.895,176,F,173,179,NNQFGTM,2.5
177,G,0.541,E,177,G,0.534,E,177,G,174,180,NQFGTMP,1.093,177,G,175,180,QFGTMP,0.692,177,G,174,180,NQFGTMP,1.016,177,G,174,180,NQFGTMP,0.936,177,G,174,180,NQFGTMP,1.8
178,T,0.509,E,178,T,0.29,.,178,T,175,181,QFGTMPS,1.037,178,T,176,181,FGTMPS,0.536,178,T,175,181,QFGTMPS,1.017,178,T,175,181,QFGTMPS,0.97,178,T,175,181,QFGTMPS,1.729
179,M,0.476,.,179,M,0.242,.,179,M,176,182,FGTMPSL,1.089,179,M,177,182,GTMPSL,0.51,179,M,176,182,FGTMPSL,1.017,179,M,176,182,FGTMPSL,1.004,179,M,176,182,FGTMPSL,-0.443
180,P,0.429,.,180,P,-0.268,.,180,P,177,183,GTMPSLT,0.95,180,P,178,183,TMPSLT,0.744,180,P,177,183,GTMPSLT,1.021,180,P,177,183,GTMPSLT,0.978,180,P,177,183,GTMPSLT,1.614
181,S,0.393,.,181,S,-0.262,.,181,S,178,184,TMPSLTL,0.907,181,S,179,184,MPSLTL,0.425,181,S,178,184,TMPSLTL,1.008,181,S,178,184,TMPSLTL,1.031,181,S,178,184,TMPSLTL,-0.514
182,L,0.349,.,182,L,-0.486,.,182,L,179,185,MPSLTLA,0.991,182,L,180,185,PSLTLA,0.434,182,L,179,185,MPSLTLA,0.984,182,L,179,185,MPSLTLA,1.054,182,L,179,185,MPSLTLA,-0.957
183,T,0.32,.,183,T,-0.948,.,183,T,180,186,PSLTLAC,0.859,183,T,181,186,SLTLAC,0.15,183,T,180,186,PSLTLAC,0.963,183,T,180,186,PSLTLAC,1.137,183,T,180,186,PSLTLAC,-0.157
184,L,0.315,.,184,L,-0.978,.,184,L,181,187,SLTLACL,0.791,184,L,182,187,LTLACL,0.093,184,L,181,187,SLTLACL,0.945,184,L,181,187,SLTLACL,1.164,184,L,181,187,SLTLACL,-1.771
185,A,0.316,.,185,A,-0.916,.,185,A,182,188,LTLACLT,0.851,185,A,183,188,TLACLT,0.162,185,A,182,188,LTLACLT,0.94,185,A,182,188,LTLACLT,1.149,185,A,182,188,LTLACLT,-1.957
186,C,0.334,.,186,C,-0.865,.,186,C,183,189,TLACLTK,0.854,186,C,184,189,LACLTK,0.224,186,C,183,189,TLACLTK,0.957,186,C,183,189,TLACLTK,1.103,186,C,183,189,TLACLTK,0.171
187,L,0.372,.,187,L,-0.534,.,187,L,184,190,LACLTKQ,0.993,187,L,185,190,ACLTKQ,0.471,187,L,184,190,LACLTKQ,0.992,187,L,184,190,LACLTKQ,1.119,187,L,184,190,LACLTKQ,0.286
188,T,0.407,.,188,T,-0.37,.,188,T,185,191,ACLTKQG,1.039,188,T,186,191,CLTKQG,0.462,188,T,185,191,ACLTKQG,1.036,188,T,185,191,ACLTKQG,1.065,188,T,185,191,ACLTKQG,2.414
189,K,0.454,.,189,K,-0.086,.,189,K,186,192,CLTKQGQ,0.94,189,K,187,192,LTKQGQ,1.492,189,K,186,192,CLTKQGQ,1.074,189,K,186,192,CLTKQGQ,1.058,189,K,186,192,CLTKQGQ,2.971
190,Q,0.495,.,190,Q,0.233,.,190,Q,187,193,LTKQGQV,1.064,190,Q,188,193,TKQGQV,1.343,190,Q,187,193,LTKQGQV,1.092,190,Q,187,193,LTKQGQV,1.054,190,Q,187,193,LTKQGQV,2.243
191,G,0.524,E,191,G,0.162,.,191,G,188,194,TKQGQVD,1.011,191,G,189,194,KQGQVD,1.554,191,G,188,194,TKQGQVD,1.08,191,G,188,194,TKQGQVD,0.999,191,G,188,194,TKQGQVD,4.986
192,Q,0.553,E,192,Q,0.631,E,192,Q,189,195,KQGQVDL,1.09,192,Q,190,195,QGQVDL,0.641,192,Q,189,195,KQGQVDL,1.046,192,Q,189,195,KQGQVDL,1.048,192,Q,189,195,KQGQVDL,2.929
193,V,0.567,E,193,V,0.784,E,193,V,190,196,QGQVDLN,1.159,193,V,191,196,GQVDLN,0.595,193,V,190,196,QGQVDLN,1.012,193,V,190,196,QGQVDLN,1.026,193,V,190,196,QGQVDLN,3.114
194,D,0.549,E,194,D,0.634,E,194,D,191,197,GQVDLND,1.03,194,D,192,197,QVDLND,1.004,194,D,191,197,GQVDLND,0.992,194,D,191,197,GQVDLND,1.004,194,D,191,197,GQVDLND,3.686
195,L,0.512,E,195,L,0.301,.,195,L,192,198,QVDLNDA,0.961,195,L,193,198,VDLNDA,0.586,195,L,192,198,QVDLNDA,0.987,195,L,192,198,QVDLNDA,1.031,195,L,192,198,QVDLNDA,3.171
196,N,0.501,E,196,N,-0.189,.,196,N,193,199,VDLNDAV,0.974,196,N,194,199,DLNDAV,0.586,196,N,193,199,VDLNDAV,0.99,196,N,193,199,VDLNDAV,1.084,196,N,193,199,VDLNDAV,1.786
197,D,0.479,.,197,D,-0.491,.,197,D,194,200,DLNDAVL,0.86,197,D,195,200,LNDAVL,0.289,197,D,194,200,DLNDAVL,0.989,197,D,194,200,DLNDAVL,1.065,197,D,194,200,DLNDAVL,1
198,A,0.433,.,198,A,-0.669,.,198,A,195,201,LNDAVLA,0.86,198,A,196,201,NDAVLA,0.354,198,A,195,201,LNDAVLA,0.969,198,A,195,201,LNDAVLA,1.093,198,A,195,201,LNDAVLA,-0.129
199,V,0.414,.,199,V,-0.794,.,199,V,196,202,NDAVLAL,0.774,199,V,197,202,DAVLAL,0.182,199,V,196,202,NDAVLAL,0.949,199,V,196,202,NDAVLAL,1.093,199,V,196,202,NDAVLAL,-0.129
200,L,0.411,.,200,L,-0.416,.,200,L,197,203,DAVLALT,0.774,200,L,198,203,AVLALT,0.157,200,L,197,203,DAVLALT,0.941,200,L,197,203,DAVLALT,1.112,200,L,197,203,DAVLALT,-0.386
201,A,0.39,.,201,A,-0.825,.,201,A,198,204,AVLALTD,0.764,201,A,199,204,VLALTD,0.26,201,A,198,204,AVLALTD,0.949,201,A,198,204,AVLALTD,1.112,201,A,198,204,AVLALTD,-0.386
202,L,0.372,.,202,L,-0.973,.,202,L,199,205,VLALTDL,0.916,202,L,200,205,LALTDL,0.288,202,L,199,205,VLALTDL,0.973,202,L,199,205,VLALTDL,1.139,202,L,199,205,VLALTDL,-2
203,T,0.368,.,203,T,-1.292,.,203,T,200,206,LALTDLG,0.916,203,T,201,206,ALTDLG,0.346,203,T,200,206,LALTDLG,0.995,203,T,200,206,LALTDLG,1.066,203,T,200,206,LALTDLG,-0.657
204,D,0.377,.,204,D,-1.404,.,204,D,201,207,ALTDLGL,0.889,204,D,202,207,LTDLGL,0.283,204,D,201,207,ALTDLGL,1.002,204,D,201,207,ALTDLGL,1.066,204,D,201,207,ALTDLGL,-0.657
205,L,0.372,.,205,L,-1.214,.,205,L,202,208,LTDLGLI,0.967,205,L,203,208,TDLGLI,0.24,205,L,202,208,LTDLGLI,0.985,205,L,202,208,LTDLGLI,1.079,205,L,202,208,LTDLGLI,-2.1
206,G,0.365,.,206,G,-1.039,.,206,G,203,209,TDLGLIY,0.967,206,G,204,209,DLGLIY,0.261,206,G,203,209,TDLGLIY,0.961,206,G,203,209,TDLGLIY,1.066,206,G,203,209,TDLGLIY,-1.057
207,L,0.394,.,207,L,-0.762,.,207,L,204,210,DLGLIYT,0.853,207,L,205,210,LGLIYT,0.225,207,L,204,210,DLGLIYT,0.94,207,L,204,210,DLGLIYT,1.066,207,L,204,210,DLGLIYT,-1.057
208,I,0.402,.,208,I,-0.58,.,208,I,205,211,LGLIYTA,0.913,208,I,206,211,GLIYTA,0.276,208,I,205,211,LGLIYTA,0.93,208,I,205,211,LGLIYTA,1.094,208,I,205,211,LGLIYTA,-2.186
209,Y,0.413,.,209,Y,-0.679,.,209,Y,206,212,GLIYTAK,0.853,209,Y,207,212,LIYTAK,0.558,209,Y,206,212,GLIYTAK,0.945,209,Y,206,212,GLIYTAK,1.049,209,Y,206,212,GLIYTAK,-0.057
210,T,0.439,.,210,T,-0.28,.,210,T,207,213,LIYTAKY,0.986,210,T,208,213,IYTAKY,1.06,210,T,207,213,LIYTAKY,0.964,210,T,207,213,LIYTAKY,1.09,210,T,207,213,LIYTAKY,-1.143
211,A,0.467,.,211,A,-0.013,.,211,A,208,214,IYTAKYP,1.141,211,A,209,214,YTAKYP,2.338,211,A,208,214,IYTAKYP,0.992,211,A,208,214,IYTAKYP,1.063,211,A,208,214,IYTAKYP,0.471
212,K,0.489,.,212,K,0.659,E,212,K,209,215,YTAKYPN,1.183,212,K,210,215,TAKYPN,2.399,212,K,209,215,YTAKYPN,1.02,212,K,209,215,YTAKYPN,1.009,212,K,209,215,YTAKYPN,2.614
213,Y,0.513,E,213,Y,1.05,E,213,Y,210,216,TAKYPNS,1.25,213,Y,211,216,AKYPNS,2.228,213,Y,210,216,TAKYPNS,1.043,213,Y,210,216,TAKYPNS,0.988,213,Y,210,216,TAKYPNS,3.814
214,P,0.525,E,214,P,1.442,E,214,P,211,217,AKYPNSS,1.364,214,P,212,217,KYPNSS,2.955,214,P,211,217,AKYPNSS,1.077,214,P,211,217,AKYPNSS,1.003,214,P,211,217,AKYPNSS,4
215,N,0.536,E,215,N,1.188,E,215,N,212,218,KYPNSSD,1.304,215,N,213,218,YPNSSD,2.468,215,N,212,218,KYPNSSD,1.102,215,N,212,218,KYPNSSD,0.974,215,N,212,218,KYPNSSD,5.129
216,S,0.55,E,216,S,1.303,E,216,S,213,219,YPNSSDL,1.35,216,S,214,219,PNSSDL,1.299,216,S,213,219,YPNSSDL,1.113,216,S,213,219,YPNSSDL,1.02,216,S,213,219,YPNSSDL,3
217,S,0.558,E,217,S,1.079,E,217,S,214,220,PNSSDLD,1.269,217,S,215,220,NSSDLD,1.403,217,S,214,220,PNSSDLD,1.112,217,S,214,220,PNSSDLD,0.978,217,S,214,220,PNSSDLD,4.7
218,D,0.539,E,218,D,0.805,E,218,D,215,221,NSSDLDR,1.13,218,D,216,221,SSDLDR,1.708,218,D,215,221,NSSDLDR,1.089,218,D,215,221,NSSDLDR,0.951,218,D,215,221,NSSDLDR,5
219,L,0.535,E,219,L,0.755,E,219,L,216,222,SSDLDRL,1.13,219,L,217,222,SDLDRL,1.051,219,L,216,222,SSDLDRL,1.058,219,L,216,222,SSDLDRL,1.018,219,L,216,222,SSDLDRL,2.686
220,D,0.527,E,220,D,0.574,E,220,D,217,223,SDLDRLS,1.066,220,D,218,223,DLDRLS,1.051,220,D,217,223,SDLDRLS,1.042,220,D,217,223,SDLDRLS,1.018,220,D,217,223,SDLDRLS,2.686
221,R,0.528,E,221,R,0.517,E,221,R,218,224,DLDRLSQ,1.061,221,R,219,224,LDRLSQ,1.09,221,R,218,224,DLDRLSQ,1.035,221,R,218,224,DLDRLSQ,1.019,221,R,218,224,DLDRLSQ,2.614
222,L,0.513,E,222,L,0.467,E,222,L,219,225,LDRLSQS,1.113,222,L,220,225,DRLSQS,1.772,222,L,219,225,LDRLSQS,1.039,222,L,219,225,LDRLSQS,1.04,222,L,219,225,LDRLSQS,2.114
223,S,0.504,E,223,S,0.248,.,223,S,220,226,DRLSQSH,1.121,223,S,221,226,RLSQSH,1.444,223,S,220,226,DRLSQSH,1.051,223,S,220,226,DRLSQSH,1.019,223,S,220,226,DRLSQSH,3.729
224,Q,0.503,E,224,Q,0.26,.,224,Q,221,227,RLSQSHP,1.053,224,Q,222,227,LSQSHP,1.14,224,Q,221,227,RLSQSHP,1.05,224,Q,221,227,RLSQSHP,1.047,224,Q,221,227,RLSQSHP,2.6
225,S,0.48,.,225,S,-0.11,.,225,S,222,228,LSQSHPI,1.053,225,S,223,228,SQSHPI,0.969,225,S,222,228,LSQSHPI,1.028,225,S,222,228,LSQSHPI,1.087,225,S,222,228,LSQSHPI,0.857
226,H,0.47,.,226,H,-0.16,.,226,H,223,229,SQSHPIL,1.071,226,H,224,229,QSHPIL,0.596,226,H,223,229,SQSHPIL,0.999,226,H,223,229,SQSHPIL,1.087,226,H,223,229,SQSHPIL,0.857
227,P,0.475,.,227,P,-0.144,.,227,P,224,230,QSHPILN,1.017,227,P,225,230,SHPILN,0.554,227,P,224,230,QSHPILN,0.966,227,P,224,230,QSHPILN,1.053,227,P,224,230,QSHPILN,0.929
228,I,0.465,.,228,I,-0.36,.,228,I,225,231,SHPILNM,0.884,228,I,226,231,HPILNM,0.409,228,I,225,231,SHPILNM,0.936,228,I,225,231,SHPILNM,1.026,228,I,225,231,SHPILNM,-0.529
229,L,0.466,.,229,L,-0.293,.,229,L,226,232,HPILNMV,0.957,229,L,227,232,PILNMV,0.223,229,L,226,232,HPILNMV,0.925,229,L,226,232,HPILNMV,1.079,229,L,226,232,HPILNMV,-1.986
230,N,0.462,.,230,N,-0.433,.,230,N,227,233,PILNMVD,0.877,230,N,228,233,ILNMVD,0.241,230,N,227,233,PILNMVD,0.928,230,N,227,233,PILNMVD,1.045,230,N,227,233,PILNMVD,-0.857
231,M,0.48,.,231,M,-0.346,.,231,M,228,234,ILNMVDT,0.954,231,M,229,234,LNMVDT,0.496,231,M,228,234,ILNMVDT,0.943,231,M,228,234,ILNMVDT,1.023,231,M,228,234,ILNMVDT,-0.414
232,V,0.496,.,232,V,-0.199,.,232,V,229,235,LNMVDTK,1.014,232,V,230,235,NMVDTK,1.202,232,V,229,235,LNMVDTK,0.976,232,V,229,235,LNMVDTK,0.991,232,V,229,235,LNMVDTK,1.543
233,D,0.52,E,233,D,0.095,.,233,D,230,236,NMVDTKK,0.996,233,D,231,236,MVDTKK,1.495,233,D,230,236,NMVDTKK,1.018,233,D,230,236,NMVDTKK,0.946,233,D,230,236,NMVDTKK,3.671
234,T,0.543,E,234,T,0.459,E,234,T,231,237,MVDTKKS,1.114,234,T,232,237,VDTKKS,2.025,234,T,231,237,MVDTKKS,1.057,234,T,231,237,MVDTKKS,0.979,234,T,231,237,MVDTKKS,3.6
235,K,0.548,E,235,K,0.248,.,235,K,232,238,VDTKKSS,1.127,235,K,233,238,DTKKSS,3.656,235,K,232,238,VDTKKSS,1.085,235,K,232,238,VDTKKSS,1.006,235,K,232,238,VDTKKSS,5.129
236,K,0.558,E,236,K,0.518,E,236,K,233,239,DTKKSSL,1.141,236,K,234,239,TKKSSL,1.805,236,K,233,239,DTKKSSL,1.091,236,K,233,239,DTKKSSL,0.987,236,K,233,239,DTKKSSL,4.343
237,S,0.542,E,237,S,0.411,E,237,S,234,240,TKKSSLN,1.071,237,S,235,240,KKSSLN,2.012,237,S,234,240,TKKSSLN,1.076,237,S,234,240,TKKSSLN,0.974,237,S,234,240,TKKSSLN,3.914
238,S,0.535,E,238,S,0.378,E,238,S,235,241,KKSSLNI,1.131,238,S,236,241,KSSLNI,0.705,238,S,235,241,KKSSLNI,1.046,238,S,235,241,KKSSLNI,1.009,238,S,235,241,KKSSLNI,2.029
239,L,0.524,E,239,L,0.369,E,239,L,236,242,KSSLNIS,1.21,239,L,237,242,SSLNIS,0.473,239,L,236,242,KSSLNIS,1.018,239,L,236,242,KSSLNIS,1.021,239,L,236,242,KSSLNIS,2.143
240,N,0.509,E,240,N,0.142,.,240,N,237,243,SSLNISG,1.169,240,N,238,243,SLNISG,0.349,240,N,237,243,SSLNISG,1.002,240,N,237,243,SSLNISG,1.013,240,N,237,243,SSLNISG,2.143
241,I,0.494,.,241,I,0.113,.,241,I,238,244,SLNISGY,1.187,241,I,239,244,LNISGY,0.408,241,I,238,244,SLNISGY,0.998,241,I,238,244,SLNISGY,1.034,241,I,238,244,SLNISGY,0.943
242,S,0.473,.,242,S,-0.294,.,242,S,239,245,LNISGYN,1.189,242,S,240,245,NISGYN,0.796,242,S,239,245,LNISGYN,1,242,S,239,245,LNISGYN,1,242,S,239,245,LNISGYN,1.014
243,G,0.456,.,243,G,-0.338,.,243,G,240,246,NISGYNF,1.17,243,G,241,246,ISGYNF,0.428,243,G,240,246,NISGYNF,0.995,243,G,240,246,NISGYNF,0.977,243,G,240,246,NISGYNF,1.014
244,Y,0.428,.,244,Y,-0.318,.,244,Y,241,247,ISGYNFS,1.187,244,Y,242,247,SGYNFS,0.819,244,Y,241,247,ISGYNFS,0.978,244,Y,241,247,ISGYNFS,1.011,244,Y,241,247,ISGYNFS,0.943
245,N,0.406,.,245,N,-0.263,.,245,N,242,248,SGYNFSL,1.206,245,N,243,248,GYNFSL,0.504,245,N,242,248,SGYNFSL,0.959,245,N,242,248,SGYNFSL,1.025,245,N,242,248,SGYNFSL,0.771
246,F,0.41,.,246,F,-0.066,.,246,F,243,249,GYNFSLG,1.077,246,F,244,249,YNFSLG,0.504,246,F,243,249,GYNFSLG,0.944,246,F,243,249,GYNFSLG,1.005,246,F,243,249,GYNFSLG,0.657
247,S,0.379,.,247,S,-0.147,.,247,S,244,250,YNFSLGA,1.009,247,S,245,250,NFSLGA,0.325,247,S,244,250,YNFSLGA,0.937,247,S,244,250,YNFSLGA,1.033,247,S,244,250,YNFSLGA,0.143
248,L,0.365,.,248,L,-0.345,.,248,L,245,251,NFSLGAA,0.857,248,L,246,251,FSLGAA,0.204,248,L,245,251,NFSLGAA,0.936,248,L,245,251,NFSLGAA,1.019,248,L,245,251,NFSLGAA,0.714
249,G,0.371,.,249,G,-0.175,.,249,G,246,252,FSLGAAV,0.916,249,G,247,252,SLGAAV,0.175,249,G,246,252,FSLGAAV,0.932,249,G,246,252,FSLGAAV,1.105,249,G,246,252,FSLGAAV,-0.814
250,A,0.37,.,250,A,-0.272,.,250,A,247,253,SLGAAVK,0.806,250,A,248,253,LGAAVK,0.261,250,A,247,253,SLGAAVK,0.937,250,A,247,253,SLGAAVK,1.082,250,A,247,253,SLGAAVK,1.314
251,A,0.362,.,251,A,0.129,.,251,A,248,254,LGAAVKA,0.944,251,A,249,254,GAAVKA,0.32,251,A,248,254,LGAAVKA,0.947,251,A,248,254,LGAAVKA,1.09,251,A,248,254,LGAAVKA,0.686
252,V,0.349,.,252,V,0.003,.,252,V,249,255,GAAVKAG,0.816,252,V,250,255,AAVKAG,0.32,252,V,249,255,GAAVKAG,0.961,252,V,249,255,GAAVKAG,1.036,252,V,249,255,GAAVKAG,2.814
253,K,0.354,.,253,K,0.136,.,253,K,250,256,AAVKAGA,0.891,253,K,251,256,AVKAGA,0.32,253,K,250,256,AAVKAGA,0.978,253,K,250,256,AAVKAGA,1.063,253,K,250,256,AAVKAGA,2.3
254,A,0.348,.,254,A,-0.224,.,254,A,251,257,AVKAGAC,0.883,254,A,252,257,VKAGAC,0.17,254,A,251,257,AVKAGAC,0.979,254,A,251,257,AVKAGAC,1.113,254,A,251,257,AVKAGAC,2.2
255,G,0.337,.,255,G,-0.526,.,255,G,252,258,VKAGACM,0.896,255,G,253,258,KAGACM,0.226,255,G,252,258,VKAGACM,0.959,255,G,252,258,VKAGACM,1.079,255,G,252,258,VKAGACM,1.3
256,A,0.369,.,256,A,-0.387,.,256,A,253,259,KAGACML,0.96,256,A,254,259,AGACML,0.093,256,A,253,259,KAGACML,0.94,256,A,253,259,KAGACML,1.06,256,A,253,259,KAGACML,0.514
257,C,0.397,.,257,C,-0.128,.,257,C,254,260,AGACMLD,1.089,257,C,255,260,GACMLD,0.154,257,C,254,260,AGACMLD,0.928,257,C,254,260,AGACMLD,1.051,257,C,254,260,AGACMLD,1.129
258,M,0.398,.,258,M,-0.068,.,258,M,255,261,GACMLDG,1.089,258,M,256,261,ACMLDG,0.154,258,M,255,261,GACMLDG,0.938,258,M,255,261,GACMLDG,1.024,258,M,255,261,GACMLDG,1.643
259,L,0.406,.,259,L,0.015,.,259,L,256,262,ACMLDGG,1.217,259,L,257,262,CMLDGG,0.151,259,L,256,262,ACMLDGG,0.984,259,L,256,262,ACMLDGG,1.024,259,L,256,262,ACMLDGG,1.643
260,D,0.415,.,260,D,-0.212,.,260,D,257,263,CMLDGGN,1.133,260,D,258,263,MLDGGN,0.453,260,D,257,263,CMLDGGN,1.03,260,D,257,263,CMLDGGN,0.983,260,D,257,263,CMLDGGN,2.343
261,G,0.426,.,261,G,-0.427,.,261,G,258,264,MLDGGNM,1.131,261,G,259,264,LDGGNM,0.453,261,G,258,264,MLDGGNM,1.054,261,G,258,264,MLDGGNM,0.899,261,G,258,264,MLDGGNM,1.543
262,G,0.444,.,262,G,-0.292,.,262,G,259,265,LDGGNML,1.153,262,G,260,265,DGGNML,0.453,262,G,259,265,LDGGNML,1.052,262,G,259,265,LDGGNML,0.959,262,G,259,265,LDGGNML,0.829
263,N,0.453,.,263,N,-0.027,.,263,N,260,266,DGGNMLE,1.081,263,N,261,266,GGNMLE,0.47,263,N,260,266,DGGNMLE,1.023,263,N,260,266,DGGNMLE,0.902,263,N,260,266,DGGNMLE,3.257
264,M,0.463,.,264,M,0.078,.,264,M,261,267,GGNMLET,0.926,264,M,262,267,GNMLET,0.686,264,M,261,267,GGNMLET,0.994,264,M,261,267,GGNMLET,0.909,264,M,261,267,GGNMLET,2.571
265,L,0.471,.,265,L,-0.057,.,265,L,262,268,GNMLETI,0.847,265,L,263,268,NMLETI,0.486,265,L,262,268,GNMLETI,0.987,265,L,262,268,GNMLETI,0.948,265,L,262,268,GNMLETI,0.614
266,E,0.452,.,266,E,-0.284,.,266,E,263,269,NMLETIK,0.696,266,E,264,269,MLETIK,0.604,266,E,263,269,NMLETIK,0.998,266,E,263,269,NMLETIK,0.956,266,E,263,269,NMLETIK,0.614
267,T,0.449,.,267,T,-0.277,.,267,T,264,270,MLETIKV,0.747,267,T,265,270,LETIKV,0.453,267,T,264,270,MLETIKV,1.012,267,T,264,270,MLETIKV,1.043,267,T,264,270,MLETIKV,-0.914
268,I,0.448,.,268,I,-0.25,.,268,I,265,271,LETIKVT,0.88,268,I,266,271,ETIKVT,0.793,268,I,265,271,LETIKVT,1.024,268,I,265,271,LETIKVT,1.055,268,I,265,271,LETIKVT,0.429
269,K,0.461,.,269,K,0.086,.,269,K,266,272,ETIKVTP,0.914,269,K,267,272,TIKVTP,0.708,269,K,266,272,ETIKVTP,1.03,269,K,266,272,ETIKVTP,1.028,269,K,266,272,ETIKVTP,2.043
270,V,0.473,.,270,V,0.572,E,270,V,267,273,TIKVTPQ,0.914,270,V,268,273,IKVTPQ,0.849,270,V,267,273,TIKVTPQ,1.036,270,V,267,273,TIKVTPQ,1.052,270,V,267,273,TIKVTPQ,1.786
271,T,0.468,.,271,T,0.503,E,271,T,268,274,IKVTPQT,0.933,271,T,269,274,KVTPQT,1.748,271,T,268,274,IKVTPQT,1.051,271,T,268,274,IKVTPQT,1.052,271,T,268,274,IKVTPQT,1.786
272,P,0.491,.,272,P,0.646,E,272,P,269,275,KVTPQTM,0.997,272,P,270,275,VTPQTM,0.865,272,P,269,275,KVTPQTM,1.059,272,P,269,275,KVTPQTM,1.005,272,P,269,275,KVTPQTM,2.329
273,Q,0.51,E,273,Q,0.877,E,273,Q,270,276,VTPQTMD,1.149,273,Q,271,276,TPQTMD,1.947,273,Q,270,276,VTPQTMD,1.065,273,Q,270,276,VTPQTMD,0.996,273,Q,270,276,VTPQTMD,2.943
274,T,0.487,.,274,T,0.621,E,274,T,271,277,TPQTMDG,1.079,274,T,272,277,PQTMDG,1.335,274,T,271,277,TPQTMDG,1.058,274,T,271,277,TPQTMDG,0.923,274,T,271,277,TPQTMDG,4.286
275,M,0.488,.,275,M,0.428,E,275,M,272,278,PQTMDGI,0.946,275,M,273,278,QTMDGI,0.605,275,M,272,278,PQTMDGI,1.036,275,M,272,278,PQTMDGI,0.958,275,M,272,278,PQTMDGI,2.4
276,D,0.485,.,276,D,0.198,.,276,D,273,279,QTMDGIL,0.95,276,D,274,279,TMDGIL,0.288,276,D,273,279,QTMDGIL,1.021,276,D,273,279,QTMDGIL,0.985,276,D,273,279,QTMDGIL,0.786
277,G,0.471,.,277,G,0.02,.,277,G,274,280,TMDGILK,1.017,277,G,275,280,MDGILK,0.399,277,G,274,280,TMDGILK,1.004,277,G,274,280,TMDGILK,0.972,277,G,274,280,TMDGILK,0.743
278,I,0.442,.,278,I,-0.448,.,278,I,275,281,MDGILKS,0.999,278,I,276,281,DGILKS,0.541,278,I,275,281,MDGILKS,0.995,278,I,275,281,MDGILKS,0.987,278,I,275,281,MDGILKS,0.929
279,L,0.436,.,279,L,-1.003,.,279,L,276,282,DGILKSI,0.874,279,L,277,282,GILKSI,0.227,279,L,276,282,DGILKSI,0.995,279,L,276,282,DGILKSI,1.034,279,L,276,282,DGILKSI,0.386
280,K,0.442,.,280,K,-0.991,.,280,K,277,283,GILKSIL,0.796,280,K,278,283,ILKSIL,0.189,280,K,277,283,GILKSIL,0.995,280,K,277,283,GILKSIL,1.089,280,K,277,283,GILKSIL,-2.357
281,S,0.411,.,281,S,-1.33,.,281,S,278,284,ILKSILK,0.8,281,S,279,284,LKSILK,0.54,281,S,278,284,ILKSILK,0.994,281,S,278,284,ILKSILK,1.097,281,S,278,284,ILKSILK,-2.357
282,I,0.417,.,282,I,-1.238,.,282,I,279,285,LKSILKV,0.86,282,I,280,285,KSILKV,0.486,282,I,279,285,LKSILKV,0.988,282,I,279,285,LKSILKV,1.13,282,I,279,285,LKSILKV,-1.743
283,L,0.45,.,283,L,-0.994,.,283,L,280,286,KSILKVK,0.86,283,L,281,286,SILKVK,0.486,283,L,280,286,KSILKVK,0.995,283,L,280,286,KSILKVK,1.084,283,L,280,286,KSILKVK,0.386
284,K,0.473,.,284,K,-0.623,.,284,K,281,287,SILKVKK,0.86,284,K,282,287,ILKVKK,0.725,284,K,281,287,SILKVKK,1.009,284,K,281,287,SILKVKK,1.084,284,K,281,287,SILKVKK,0.386
285,V,0.477,.,285,V,-0.843,.,285,V,282,288,ILKVKKS,0.877,285,V,283,288,LKVKKS,1.386,285,V,282,288,ILKVKKS,1.025,285,V,282,288,ILKVKKS,1.084,285,V,282,288,ILKVKKS,0.386
286,K,0.494,.,286,K,-0.815,.,286,K,283,289,LKVKKSL,1.016,286,K,284,289,KVKKSL,1.386,286,K,283,289,LKVKKSL,1.043,286,K,283,289,LKVKKSL,1.098,286,K,283,289,LKVKKSL,0.214
287,K,0.513,E,287,K,-0.816,.,287,K,284,290,KVKKSLG,0.957,287,K,285,290,VKKSLG,0.686,287,K,284,290,KVKKSLG,1.04,287,K,284,290,KVKKSLG,1.044,287,K,284,290,KVKKSLG,2.343
288,S,0.505,E,288,S,-0.763,.,288,S,285,291,VKKSLGM,0.971,288,S,286,291,KKSLGM,0.914,288,S,285,291,VKKSLGM,1.014,288,S,285,291,VKKSLGM,1.029,288,S,285,291,VKKSLGM,0.929
289,L,0.495,.,289,L,-0.903,.,289,L,286,292,KKSLGMF,0.899,289,L,287,292,KSLGMF,0.396,289,L,286,292,KKSLGMF,0.98,289,L,286,292,KKSLGMF,0.988,289,L,286,292,KKSLGMF,0.143
290,G,0.517,E,290,G,-0.63,.,290,G,287,293,KSLGMFV,0.959,290,G,288,293,SLGMFV,0.147,290,G,287,293,KSLGMFV,0.945,290,G,287,293,KSLGMFV,1.052,290,G,287,293,KSLGMFV,-1.2
291,M,0.517,E,291,M,-0.408,.,291,M,288,294,SLGMFVS,0.963,291,M,289,294,LGMFVS,0.147,291,M,288,294,SLGMFVS,0.928,291,M,288,294,SLGMFVS,1.064,291,M,288,294,SLGMFVS,-1.086
292,F,0.505,E,292,F,-0.151,.,292,F,289,295,LGMFVSD,1.016,292,F,290,295,GMFVSD,0.297,292,F,289,295,LGMFVSD,0.935,292,F,289,295,LGMFVSD,1.043,292,F,289,295,LGMFVSD,-0.586
293,V,0.521,E,293,V,-0.027,.,293,V,290,296,GMFVSDT,1.01,293,V,291,296,MFVSDT,0.434,293,V,290,296,GMFVSDT,0.961,293,V,290,296,GMFVSDT,0.994,293,V,290,296,GMFVSDT,1.471
294,S,0.532,E,294,S,0.51,E,294,S,291,297,MFVSDTP,1.147,294,S,292,297,FVSDTP,0.678,294,S,291,297,MFVSDTP,0.998,294,S,291,297,MFVSDTP,1.022,294,S,291,297,MFVSDTP,0.957
295,D,0.543,E,295,D,0.841,E,295,D,292,298,FVSDTPG,1.167,295,D,293,298,VSDTPG,0.775,295,D,292,298,FVSDTPG,1.032,295,D,292,298,FVSDTPG,1.028,295,D,292,298,FVSDTPG,2.371
296,T,0.561,E,296,T,1.348,E,296,T,293,299,VSDTPGE,1.231,296,T,294,299,SDTPGE,1.808,296,T,293,299,VSDTPGE,1.06,296,T,293,299,VSDTPGE,0.994,296,T,293,299,VSDTPGE,4.8
297,P,0.582,E,297,P,1.871,E,297,P,294,300,SDTPGER,1.25,297,P,295,300,DTPGER,2.642,297,P,294,300,SDTPGER,1.075,297,P,294,300,SDTPGER,0.921,297,P,294,300,SDTPGER,5.929
298,G,0.594,E,298,G,2.194,E,298,G,295,301,DTPGERN,1.259,298,G,296,301,TPGERN,2.544,298,G,295,301,DTPGERN,1.087,298,G,295,301,DTPGERN,0.888,298,G,295,301,DTPGERN,6
299,E,0.594,E,299,E,2.177,E,299,E,296,302,TPGERNP,1.284,299,E,297,302,PGERNP,2.726,299,E,296,302,TPGERNP,1.089,299,E,296,302,TPGERNP,0.916,299,E,296,302,TPGERNP,4.871
300,R,0.578,E,300,R,2.074,E,300,R,297,303,PGERNPY,1.173,300,R,298,303,GERNPY,2.762,300,R,297,303,PGERNPY,1.078,300,R,297,303,PGERNPY,0.952,300,R,297,303,PGERNPY,3.857
301,N,0.565,E,301,N,1.819,E,301,N,298,304,GERNPYE,1.173,301,N,299,304,ERNPYE,4.834,301,N,298,304,GERNPYE,1.07,301,N,298,304,GERNPYE,0.921,301,N,298,304,GERNPYE,4.671
302,P,0.526,E,302,P,1.304,E,302,P,299,305,ERNPYEN,1.134,302,P,300,305,RNPYEN,4.488,302,P,299,305,ERNPYEN,1.051,302,P,299,305,ERNPYEN,0.907,302,P,299,305,ERNPYEN,4.857
303,Y,0.489,.,303,Y,0.707,E,303,Y,300,306,RNPYENI,1.083,303,Y,301,306,NPYENI,1.606,303,Y,300,306,RNPYENI,1.024,303,Y,300,306,RNPYENI,0.95,303,Y,300,306,RNPYENI,2.6
304,E,0.453,.,304,E,0.151,.,304,E,301,307,NPYENIL,1.023,304,E,302,307,PYENIL,0.824,304,E,301,307,NPYENIL,1.002,304,E,301,307,NPYENIL,1.004,304,E,301,307,NPYENIL,0.686
305,N,0.417,.,305,N,-0.198,.,305,N,302,308,PYENILY,0.95,305,N,303,308,YENILY,0.835,305,N,302,308,PYENILY,0.974,305,N,302,308,PYENILY,1.059,305,N,302,308,PYENILY,-0.586
306,I,0.378,.,306,I,-0.816,.,306,I,303,309,YENILYK,0.854,306,I,304,309,ENILYK,1.065,306,I,303,309,YENILYK,0.956,306,I,303,309,YENILYK,1.04,306,I,303,309,YENILYK,-0.071
307,L,0.344,.,307,L,-1.108,.,307,L,304,310,ENILYKI,0.919,307,L,305,310,NILYKI,0.431,307,L,304,310,ENILYKI,0.95,307,L,304,310,ENILYKI,1.039,307,L,304,310,ENILYKI,-0.943
308,Y,0.323,.,308,Y,-1.534,.,308,Y,305,311,NILYKIC,0.78,308,Y,306,311,ILYKIC,0.144,308,Y,305,311,NILYKIC,0.947,308,Y,305,311,NILYKIC,1.119,308,Y,305,311,NILYKIC,-1.857
309,K,0.329,.,309,K,-1.676,.,309,K,306,312,ILYKICL,0.917,309,K,307,312,LYKICL,0.169,309,K,306,312,ILYKICL,0.952,309,K,306,312,ILYKICL,1.187,309,K,306,312,ILYKICL,-4.171
310,I,0.335,.,310,I,-1.539,.,310,I,307,313,LYKICLS,1.056,310,I,308,313,YKICLS,0.275,310,I,307,313,LYKICLS,0.954,310,I,307,313,LYKICLS,1.167,310,I,307,313,LYKICLS,-2.1
311,C,0.36,.,311,C,-0.942,.,311,C,308,314,YKICLSG,1.101,311,C,309,314,KICLSG,0.174,311,C,308,314,YKICLSG,0.971,311,C,308,314,YKICLSG,1.113,311,C,308,314,YKICLSG,0.029
312,L,0.375,.,312,L,-0.3,.,312,L,309,315,KICLSGD,1.18,312,L,310,315,ICLSGD,0.145,312,L,309,315,KICLSGD,0.995,312,L,309,315,KICLSGD,1.071,312,L,309,315,KICLSGD,1.729
313,S,0.387,.,313,S,-0.122,.,313,S,310,316,ICLSGDG,1.25,313,S,311,316,CLSGDG,0.205,313,S,310,316,ICLSGDG,1.022,313,S,310,316,ICLSGDG,1.063,313,S,310,316,ICLSGDG,1.729
314,G,0.403,.,314,G,0.084,.,314,G,311,317,CLSGDGW,1.297,314,G,312,317,LSGDGW,0.401,314,G,311,317,CLSGDGW,1.042,314,G,311,317,CLSGDGW,1.026,314,G,311,317,CLSGDGW,1.443
315,D,0.432,.,315,D,0.453,E,315,D,312,318,LSGDGWP,1.376,315,D,313,318,SGDGWP,0.753,315,D,312,318,LSGDGWP,1.033,315,D,312,318,LSGDGWP,0.976,315,D,312,318,LSGDGWP,1.543
316,G,0.442,.,316,G,0.486,E,316,G,313,319,SGDGWPY,1.239,316,G,314,319,GDGWPY,0.88,316,G,313,319,SGDGWPY,1.011,316,G,313,319,SGDGWPY,0.963,316,G,313,319,SGDGWPY,2.586
317,W,0.454,.,317,W,0.779,E,317,W,314,320,GDGWPYI,1.11,317,W,315,320,DGWPYI,0.623,317,W,314,320,GDGWPYI,0.973,317,W,314,320,GDGWPYI,0.983,317,W,314,320,GDGWPYI,0.514
318,P,0.459,.,318,P,0.805,E,318,P,315,321,DGWPYIA,1.106,318,P,316,321,GWPYIA,0.377,318,P,315,321,DGWPYIA,0.944,318,P,315,321,DGWPYIA,1.011,318,P,315,321,DGWPYIA,0
319,Y,0.471,.,319,Y,0.755,E,319,Y,316,322,GWPYIAS,1.019,319,Y,317,322,WPYIAS,0.511,319,Y,316,322,GWPYIAS,0.935,319,Y,316,322,GWPYIAS,1.031,319,Y,316,322,GWPYIAS,-0.5
320,I,0.462,.,320,I,0.511,E,320,I,317,323,WPYIASR,1.019,320,I,318,323,PYIASR,0.951,320,I,317,323,WPYIASR,0.94,320,I,317,323,WPYIASR,1.031,320,I,317,323,WPYIASR,-0.714
321,A,0.469,.,321,A,0.241,.,321,A,318,324,PYIASRT,1.006,321,A,319,324,YIASRT,0.888,321,A,318,324,PYIASRT,0.968,321,A,318,324,PYIASRT,1.034,321,A,318,324,PYIASRT,1.457
322,S,0.468,.,322,S,0.09,.,322,S,319,325,YIASRTS,0.91,322,S,320,325,IASRTS,0.759,322,S,319,325,YIASRTS,1.001,322,S,319,325,YIASRTS,1.026,322,S,319,325,YIASRTS,2.086
323,R,0.466,.,323,R,-0.151,.,323,R,320,326,IASRTSI,0.914,323,R,321,326,ASRTSI,0.759,323,R,320,326,IASRTSI,1.017,323,R,320,326,IASRTSI,1.025,323,R,320,326,IASRTSI,1.214
324,T,0.467,.,324,T,-0.083,.,324,T,321,327,ASRTSIV,1.043,324,T,322,327,SRTSIV,0.558,324,T,321,327,ASRTSIV,1.019,324,T,321,327,ASRTSIV,1.058,324,T,321,327,ASRTSIV,1.829
325,S,0.489,.,325,S,0.114,.,325,S,322,328,SRTSIVG,0.974,325,S,323,328,RTSIVG,0.412,325,S,322,328,SRTSIVG,1.007,325,S,322,328,SRTSIVG,1.031,325,S,322,328,SRTSIVG,2.343
326,I,0.498,.,326,I,0.237,.,326,I,323,329,RTSIVGR,0.933,326,I,324,329,TSIVGR,0.412,326,I,323,329,RTSIVGR,0.987,326,I,323,329,RTSIVGR,1.011,326,I,323,329,RTSIVGR,2.014
327,V,0.499,.,327,V,-0.035,.,327,V,324,330,TSIVGRA,0.933,327,V,325,330,SIVGRA,0.288,327,V,324,330,TSIVGRA,0.98,327,V,324,330,TSIVGRA,1.038,327,V,324,330,TSIVGRA,1.714
328,G,0.491,.,328,G,0.053,.,328,G,325,331,SIVGRAW,0.834,328,G,326,331,IVGRAW,0.226,328,G,325,331,SIVGRAW,0.98,328,G,325,331,SIVGRAW,1.036,328,G,325,331,SIVGRAW,-0.457
329,R,0.489,.,329,R,0.17,.,329,R,326,332,IVGRAWE,0.99,329,R,327,332,VGRAWE,0.559,329,R,326,332,IVGRAWE,0.981,329,R,326,332,IVGRAWE,1.013,329,R,326,332,IVGRAWE,-0.271
330,A,0.488,.,330,A,0.24,.,330,A,327,333,VGRAWEN,1.056,330,A,328,333,GRAWEN,1.211,330,A,327,333,VGRAWEN,0.989,330,A,327,333,VGRAWEN,0.959,330,A,327,333,VGRAWEN,1.871
331,W,0.482,.,331,W,0.579,E,331,W,328,334,GRAWENT,0.97,331,W,329,334,RAWENT,1.766,331,W,328,334,GRAWENT,1.001,331,W,328,334,GRAWENT,0.891,331,W,328,334,GRAWENT,3.143
332,E,0.47,.,332,E,0.592,E,332,E,329,335,RAWENTT,0.906,332,E,330,335,AWENTT,1.301,332,E,329,335,RAWENTT,1.023,332,E,329,335,RAWENTT,0.896,332,E,329,335,RAWENTT,3.071
333,N,0.466,.,333,N,0.701,E,333,N,330,336,AWENTTV,1.02,333,N,331,336,WENTTV,0.956,333,N,330,336,AWENTTV,1.041,333,N,330,336,AWENTTV,0.969,333,N,330,336,AWENTTV,1.943
334,T,0.46,.,334,T,0.386,E,334,T,331,337,WENTTVD,0.967,334,T,332,337,ENTTVD,1.518,334,T,331,337,WENTTVD,1.043,334,T,331,337,WENTTVD,0.941,334,T,331,337,WENTTVD,3.071
335,T,0.464,.,335,T,0.504,E,335,T,332,338,ENTTVDL,0.967,335,T,333,338,NTTVDL,0.723,335,T,332,338,ENTTVDL,1.029,335,T,332,338,ENTTVDL,0.992,335,T,332,338,ENTTVDL,3.186
336,V,0.46,.,336,V,0.841,E,336,V,333,339,NTTVDLE,0.949,336,V,334,339,TTVDLE,0.779,336,V,333,339,NTTVDLE,1.007,336,V,333,339,NTTVDLE,0.992,336,V,333,339,NTTVDLE,3.186
337,D,0.461,.,337,D,0.941,E,337,D,334,340,TTVDLES,1.02,337,D,335,340,TVDLES,0.723,337,D,334,340,TTVDLES,0.999,337,D,334,340,TTVDLES,1.026,337,D,334,340,TTVDLES,3.114
338,L,0.466,.,338,L,1.043,E,338,L,335,341,TVDLESD,1.106,338,L,336,341,VDLESD,0.837,338,L,335,341,TVDLESD,1.01,338,L,335,341,TVDLESD,1.02,338,L,335,341,TVDLESD,3.8
339,E,0.476,.,339,E,1.214,E,339,E,336,342,VDLESDG,1.179,339,E,337,342,DLESDG,1.116,339,E,336,342,VDLESDG,1.038,339,E,336,342,VDLESDG,1.015,339,E,336,342,VDLESDG,3.871
340,S,0.494,.,340,S,1.282,E,340,S,337,343,DLESDGK,1.187,340,S,338,343,LESDGK,1.336,340,S,337,343,DLESDGK,1.07,340,S,337,343,DLESDGK,0.95,340,S,337,343,DLESDGK,5.214
341,D,0.537,E,341,D,1.609,E,341,D,338,344,LESDGKP,1.243,341,D,339,344,ESDGKP,2.505,341,D,338,344,LESDGKP,1.084,341,D,338,344,LESDGKP,0.978,341,D,338,344,LESDGKP,4.086
342,G,0.557,E,342,G,1.672,E,342,G,339,345,ESDGKPQ,1.281,342,G,340,345,SDGKPQ,2.505,342,G,339,345,ESDGKPQ,1.1,342,G,339,345,ESDGKPQ,0.945,342,G,339,345,ESDGKPQ,6.257
343,K,0.572,E,343,K,1.851,E,343,K,340,346,SDGKPQK,1.149,343,K,341,346,DGKPQK,3.738,343,K,340,346,SDGKPQK,1.101,343,K,340,346,SDGKPQK,0.956,343,K,340,346,SDGKPQK,5.957
344,P,0.593,E,344,P,1.795,E,344,P,341,347,DGKPQKV,1.163,344,P,342,347,GKPQKV,1.661,344,P,341,347,DGKPQKV,1.091,344,P,341,347,DGKPQKV,1.009,344,P,341,347,DGKPQKV,4.5
345,Q,0.617,E,345,Q,1.788,E,345,Q,342,348,GKPQKVG,1.077,345,Q,343,348,KPQKVG,1.661,345,Q,342,348,GKPQKVG,1.088,345,Q,342,348,GKPQKVG,1.01,345,Q,342,348,GKPQKVG,3.886
346,K,0.619,E,346,K,1.616,E,346,K,343,349,KPQKVGT,1.027,346,K,344,349,PQKVGT,1.199,346,K,343,349,KPQKVGT,1.069,346,K,343,349,KPQKVGT,1.015,346,K,343,349,KPQKVGT,3.814
347,V,0.621,E,347,V,1.518,E,347,V,344,350,PQKVGTA,1.033,347,V,345,350,QKVGTA,0.783,347,V,344,350,PQKVGTA,1.052,347,V,344,350,PQKVGTA,1.034,347,V,344,350,PQKVGTA,3.3
348,G,0.629,E,348,G,1.438,E,348,G,345,351,QKVGTAG,1.097,348,G,346,351,KVGTAG,0.448,348,G,345,351,QKVGTAG,1.045,348,G,345,351,QKVGTAG,1.007,348,G,345,351,QKVGTAG,3.814
349,T,0.638,E,349,T,1.469,E,349,T,346,352,KVGTAGS,1.176,349,T,347,352,VGTAGS,0.3,349,T,346,352,KVGTAGS,1.047,349,T,346,352,KVGTAGS,1.007,349,T,346,352,KVGTAGS,3.886
350,A,0.634,E,350,A,1.362,E,350,A,347,353,VGTAGSN,1.249,350,A,348,353,GTAGSN,0.65,350,A,347,353,VGTAGSN,1.06,350,A,347,353,VGTAGSN,0.985,350,A,347,353,VGTAGSN,4.071
351,G,0.636,E,351,G,1.244,E,351,G,348,354,GTAGSNK,1.23,351,G,349,354,TAGSNK,1.313,351,G,348,354,GTAGSNK,1.079,351,G,348,354,GTAGSNK,0.92,351,G,348,354,GTAGSNK,5.414
352,S,0.643,E,352,S,1.083,E,352,S,349,355,TAGSNKS,1.177,352,S,350,355,AGSNKS,1.219,352,S,349,355,TAGSNKS,1.095,352,S,349,355,TAGSNKS,0.94,352,S,349,355,TAGSNKS,5.529
353,N,0.642,E,353,N,1.055,E,353,N,350,356,AGSNKSL,1.223,353,N,351,356,GSNKSL,0.995,353,N,350,356,AGSNKSL,1.09,353,N,350,356,AGSNKSL,0.988,353,N,350,356,AGSNKSL,3.471
354,K,0.634,E,354,K,1.033,E,354,K,351,357,GSNKSLQ,1.204,354,K,352,357,SNKSLQ,1.742,354,K,351,357,GSNKSLQ,1.076,354,K,351,357,GSNKSLQ,0.981,354,K,351,357,GSNKSLQ,4.029
355,S,0.645,E,355,S,0.937,E,355,S,352,358,SNKSLQS,1.094,355,S,353,358,NKSLQS,1.742,355,S,352,358,SNKSLQS,1.055,355,S,352,358,SNKSLQS,1.001,355,S,352,358,SNKSLQS,4.143
356,L,0.659,E,356,L,0.955,E,356,L,353,359,NKSLQSA,1.094,356,L,354,359,KSLQSA,1.094,356,L,353,359,NKSLQSA,1.033,356,L,353,359,NKSLQSA,1.008,356,L,353,359,NKSLQSA,3.514
357,Q,0.653,E,357,Q,0.654,E,357,Q,354,360,KSLQSAG,1.036,357,Q,355,360,SLQSAG,0.542,357,Q,354,360,KSLQSAG,1.022,357,Q,354,360,KSLQSAG,1.022,357,Q,354,360,KSLQSAG,3.329
358,S,0.646,E,358,S,0.594,E,358,S,355,361,SLQSAGF,1.049,358,S,356,361,LQSAGF,0.35,358,S,355,361,SLQSAGF,1.01,358,S,355,361,SLQSAGF,1.045,358,S,355,361,SLQSAGF,1.2
359,A,0.631,E,359,A,0.642,E,359,A,356,362,LQSAGFP,1.101,359,A,357,362,QSAGFP,0.656,359,A,356,362,LQSAGFP,1.003,359,A,356,362,LQSAGFP,1.053,359,A,356,362,LQSAGFP,0.571
360,G,0.615,E,360,G,0.76,E,360,G,357,363,QSAGFPT,1.184,360,G,358,363,SAGFPT,0.547,360,G,357,363,QSAGFPT,0.998,360,G,357,363,QSAGFPT,1.004,360,G,357,363,QSAGFPT,2.629
361,F,0.587,E,361,F,0.758,E,361,F,358,364,SAGFPTG,1.064,361,F,359,364,AGFPTG,0.404,361,F,358,364,SAGFPTG,1.004,361,F,358,364,SAGFPTG,0.984,361,F,358,364,SAGFPTG,2.586
362,P,0.574,E,362,P,0.742,E,362,P,359,365,AGFPTGL,1.107,362,P,360,365,GFPTGL,0.33,362,P,359,365,AGFPTGL,1.018,362,P,359,365,AGFPTGL,1.018,362,P,359,365,AGFPTGL,0.343
363,T,0.567,E,363,T,0.521,E,363,T,360,366,GFPTGLT,1.047,363,T,361,366,FPTGLT,0.481,363,T,360,366,GFPTGLT,1.02,363,T,360,366,GFPTGLT,0.996,363,T,360,366,GFPTGLT,0.786
364,G,0.549,E,364,G,0.561,E,364,G,361,367,FPTGLTY,1.166,364,G,362,367,PTGLTY,0.87,364,G,361,367,FPTGLTY,1.014,364,G,361,367,FPTGLTY,1.037,364,G,361,367,FPTGLTY,-0.3
365,L,0.529,E,365,L,0.353,E,365,L,362,368,PTGLTYS,1.089,365,L,363,368,TGLTYS,0.754,365,L,362,368,PTGLTYS,1,365,L,362,368,PTGLTYS,1.026,365,L,362,368,PTGLTYS,1.943
366,T,0.527,E,366,T,0.166,.,366,T,363,369,TGLTYSQ,1.036,366,T,364,369,GLTYSQ,0.905,366,T,363,369,TGLTYSQ,0.988,366,T,363,369,TGLTYSQ,1.019,366,T,363,369,TGLTYSQ,2.5
367,Y,0.526,E,367,Y,-0.252,.,367,Y,364,370,GLTYSQL,0.899,367,Y,365,370,LTYSQL,0.754,367,Y,364,370,GLTYSQL,0.986,367,Y,364,370,GLTYSQL,1.067,367,Y,364,370,GLTYSQL,0.443
368,S,0.517,E,368,S,-0.454,.,368,S,365,371,LTYSQLM,0.951,368,S,366,371,TYSQLM,0.905,368,S,365,371,LTYSQLM,0.986,368,S,365,371,LTYSQLM,1.06,368,S,365,371,LTYSQLM,-0.971
369,Q,0.487,.,369,Q,-0.946,.,369,Q,366,372,TYSQLMT,0.899,369,Q,367,372,YSQLMT,0.905,369,Q,366,372,TYSQLMT,0.978,369,Q,366,372,TYSQLMT,1.012,369,Q,366,372,TYSQLMT,1.086
370,L,0.501,E,370,L,-0.619,.,370,L,367,373,YSQLMTL,0.88,370,L,368,373,SQLMTL,0.476,370,L,367,373,YSQLMTL,0.963,370,L,367,373,YSQLMTL,1.06,370,L,367,373,YSQLMTL,-0.971
371,M,0.488,.,371,M,-0.578,.,371,M,368,374,SQLMTLK,0.884,371,M,369,374,QLMTLK,0.71,371,M,368,374,SQLMTLK,0.953,371,M,368,374,SQLMTLK,1.027,371,M,368,374,SQLMTLK,0.114
372,T,0.469,.,372,T,-0.428,.,372,T,369,375,QLMTLKD,0.949,372,T,370,375,LMTLKD,0.685,372,T,369,375,QLMTLKD,0.961,372,T,369,375,QLMTLKD,1.007,372,T,369,375,QLMTLKD,0.614
373,L,0.452,.,373,L,-0.652,.,373,L,370,376,LMTLKDS,0.95,373,L,371,376,MTLKDS,1.113,373,L,370,376,LMTLKDS,0.982,373,L,370,376,LMTLKDS,1.006,373,L,370,376,LMTLKDS,0.686
374,K,0.463,.,374,K,-0.899,.,374,K,371,377,MTLKDSM,0.95,374,K,372,377,TLKDSM,1.113,374,K,371,377,MTLKDSM,1.001,374,K,371,377,MTLKDSM,0.946,374,K,371,377,MTLKDSM,1.4
375,D,0.468,.,375,D,-0.633,.,375,D,372,378,TLKDSMM,0.953,375,D,373,378,LKDSMM,0.763,375,D,372,378,TLKDSMM,0.999,375,D,372,378,TLKDSMM,0.946,375,D,372,378,TLKDSMM,1.4
376,S,0.454,.,376,S,-0.561,.,376,S,373,379,LKDSMMQ,0.953,376,S,374,379,KDSMMQ,1.603,376,S,373,379,LKDSMMQ,0.976,376,S,373,379,LKDSMMQ,0.961,376,S,373,379,LKDSMMQ,1.514
377,M,0.466,.,377,M,-0.208,.,377,M,374,380,KDSMMQL,1.017,377,M,375,380,DSMMQL,0.661,377,M,374,380,KDSMMQL,0.941,377,M,374,380,KDSMMQL,0.961,377,M,374,380,KDSMMQL,1.514
378,M,0.503,E,378,M,0.191,.,378,M,375,381,DSMMQLD,1.026,378,M,376,381,SMMQLD,0.661,378,M,375,381,DSMMQLD,0.928,378,M,375,381,DSMMQLD,0.952,378,M,375,381,DSMMQLD,2.129
379,Q,0.503,E,379,Q,0.37,E,379,Q,376,382,SMMQLDP,1.026,379,Q,377,382,MMQLDP,0.763,379,Q,376,382,SMMQLDP,0.94,379,Q,376,382,SMMQLDP,0.98,379,Q,376,382,SMMQLDP,1
380,L,0.501,E,380,L,0.405,E,380,L,377,383,MMQLDPS,1.034,380,L,378,383,MQLDPS,1.033,380,L,377,383,MMQLDPS,0.971,380,L,377,383,MMQLDPS,0.98,380,L,377,383,MMQLDPS,1
381,D,0.515,E,381,D,0.49,E,381,D,378,384,MQLDPSA,1.093,381,D,379,384,QLDPSA,1.054,381,D,378,384,MQLDPSA,1.012,381,D,378,384,MQLDPSA,1.014,381,D,378,384,MQLDPSA,1.9
382,P,0.528,E,382,P,0.703,E,382,P,379,385,QLDPSAK,1.09,382,P,380,385,LDPSAK,1.218,382,P,379,385,QLDPSAK,1.038,382,P,379,385,QLDPSAK,1.029,382,P,379,385,QLDPSAK,3.314
383,S,0.507,E,383,S,0.733,E,383,S,380,386,LDPSAKT,1.143,383,S,381,386,DPSAKT,2.131,383,S,380,386,LDPSAKT,1.052,383,S,380,386,LDPSAKT,1.014,383,S,380,386,LDPSAKT,3.2
384,A,0.473,.,384,A,0.503,E,384,A,381,387,DPSAKTW,1.001,384,A,382,387,PSAKTW,1.342,384,A,381,387,DPSAKTW,1.048,384,A,381,387,DPSAKTW,0.963,384,A,381,387,DPSAKTW,3.086
385,K,0.478,.,385,K,0.817,E,385,K,382,388,PSAKTWI,0.993,385,K,383,388,SAKTWI,0.608,385,K,382,388,PSAKTWI,1.03,385,K,382,388,PSAKTWI,1.003,385,K,382,388,PSAKTWI,0.514
386,T,0.458,.,386,T,0.329,.,386,T,383,389,SAKTWID,0.856,386,T,384,389,AKTWID,0.758,386,T,383,389,SAKTWID,1.003,386,T,383,389,SAKTWID,0.975,386,T,383,389,SAKTWID,1.643
387,W,0.458,.,387,W,0.371,E,387,W,384,390,AKTWIDI,0.867,387,W,385,390,KTWIDI,0.526,387,W,384,390,AKTWIDI,0.973,387,W,384,390,AKTWIDI,0.995,387,W,384,390,AKTWIDI,-0.429
388,I,0.455,.,388,I,0.287,.,388,I,385,391,KTWIDIE,0.946,388,I,386,391,TWIDIE,0.455,388,I,385,391,KTWIDIE,0.959,388,I,385,391,KTWIDIE,0.965,388,I,385,391,KTWIDIE,0.386
389,D,0.475,.,389,D,0.366,E,389,D,386,392,TWIDIEG,0.944,389,D,387,392,WIDIEG,0.312,389,D,386,392,TWIDIEG,0.969,389,D,386,392,TWIDIEG,0.957,389,D,386,392,TWIDIEG,0.386
390,I,0.488,.,390,I,0.44,E,390,I,387,393,WIDIEGR,1.024,390,I,388,393,IDIEGR,0.582,390,I,387,393,WIDIEGR,0.996,390,I,387,393,WIDIEGR,0.952,390,I,387,393,WIDIEGR,0.243
391,E,0.5,E,391,E,0.769,E,391,E,388,394,IDIEGRP,1.063,391,E,389,394,DIEGRP,1.283,391,E,388,394,IDIEGRP,1.029,391,E,388,394,IDIEGRP,0.976,391,E,388,394,IDIEGRP,1.971
392,G,0.512,E,392,G,1.389,E,392,G,389,395,DIEGRPE,1.063,392,G,390,395,IEGRPE,1.331,392,G,389,395,DIEGRPE,1.058,392,G,389,395,DIEGRPE,0.933,392,G,389,395,DIEGRPE,4.229
393,R,0.53,E,393,R,1.798,E,393,R,390,396,IEGRPED,1.213,393,R,391,396,EGRPED,3.17,393,R,390,396,IEGRPED,1.065,393,R,390,396,IEGRPED,0.933,393,R,390,396,IEGRPED,4.229
394,P,0.516,E,394,P,1.637,E,394,P,391,397,EGRPEDP,1.179,394,P,392,397,GRPEDP,2.831,394,P,391,397,EGRPEDP,1.068,394,P,391,397,EGRPEDP,0.92,394,P,391,397,EGRPEDP,5.671
395,E,0.519,E,395,E,2.029,E,395,E,392,398,GRPEDPV,1.061,395,E,393,398,RPEDPV,2.123,395,E,392,398,GRPEDPV,1.063,395,E,392,398,GRPEDPV,0.996,395,E,392,398,GRPEDPV,4.029
396,D,0.485,.,396,D,1.56,E,396,D,393,399,RPEDPVE,0.993,396,D,394,399,PEDPVE,1.877,396,D,393,399,RPEDPVE,1.045,396,D,393,399,RPEDPVE,0.993,396,D,393,399,RPEDPVE,4.329
397,P,0.461,.,397,P,1.265,E,397,P,394,400,PEDPVEI,0.87,397,P,395,400,EDPVEI,0.851,397,P,394,400,PEDPVEI,1.024,397,P,394,400,PEDPVEI,1.033,397,P,394,400,PEDPVEI,2.586
398,V,0.421,.,398,V,0.7,E,398,V,395,401,EDPVEIA,0.849,398,V,396,401,DPVEIA,0.496,398,V,395,401,EDPVEIA,0.989,398,V,395,401,EDPVEIA,1.033,398,V,395,401,EDPVEIA,2.586
399,E,0.402,.,399,E,0.467,E,399,E,396,402,DPVEIAL,0.803,399,E,397,402,PVEIAL,0.245,399,E,396,402,DPVEIAL,0.954,399,E,396,402,DPVEIAL,1.09,399,E,396,402,DPVEIAL,0.157
400,I,0.384,.,400,I,0.155,.,400,I,397,403,PVEIALY,0.726,400,I,398,403,VEIALY,0.248,400,I,397,403,PVEIALY,0.929,400,I,397,403,PVEIALY,1.132,400,I,397,403,PVEIALY,-1.543
401,A,0.384,.,401,A,-0.164,.,401,A,398,404,VEIALYQ,0.871,401,A,399,404,EIALYQ,0.58,401,A,398,404,VEIALYQ,0.921,401,A,398,404,VEIALYQ,1.125,401,A,398,404,VEIALYQ,-0.986
402,L,0.396,.,402,L,-0.314,.,402,L,399,405,EIALYQP,0.851,402,L,400,405,IALYQP,0.518,402,L,399,405,EIALYQP,0.938,402,L,399,405,EIALYQP,1.08,402,L,399,405,EIALYQP,-0.157
403,Y,0.418,.,403,Y,-0.137,.,403,Y,400,406,IALYQPM,0.989,403,Y,401,406,ALYQPM,0.731,403,Y,400,406,IALYQPM,0.96,403,Y,400,406,IALYQPM,1.076,403,Y,400,406,IALYQPM,-1.871
404,Q,0.419,.,404,Q,-0.316,.,404,Q,401,407,ALYQPMS,1.117,404,Q,402,407,LYQPMS,0.969,404,Q,401,407,ALYQPMS,0.99,404,Q,401,407,ALYQPMS,1.056,404,Q,401,407,ALYQPMS,0.2
405,P,0.439,.,405,P,-0.093,.,405,P,402,408,LYQPMSG,1.203,405,P,403,408,YQPMSG,1.163,405,P,402,408,LYQPMSG,1.012,405,P,402,408,LYQPMSG,1.029,405,P,402,408,LYQPMSG,0.714
406,M,0.457,.,406,M,-0.171,.,406,M,403,409,YQPMSGC,1.203,406,M,404,409,QPMSGC,0.398,406,M,403,409,YQPMSGC,1.008,406,M,403,409,YQPMSGC,1.052,406,M,403,409,YQPMSGC,2.229
407,S,0.463,.,407,S,-0.248,.,407,S,404,410,QPMSGCY,1.13,407,S,405,410,PMSGCY,0.36,407,S,404,410,QPMSGCY,0.997,407,S,404,410,QPMSGCY,1.052,407,S,404,410,QPMSGCY,2.229
408,G,0.455,.,408,G,-0.403,.,408,G,405,411,PMSGCYI,1.049,408,G,406,411,MSGCYI,0.163,408,G,405,411,PMSGCYI,0.967,408,G,405,411,PMSGCYI,1.072,408,G,405,411,PMSGCYI,0.229
409,C,0.445,.,409,C,-0.884,.,409,C,406,412,MSGCYIH,1.049,409,C,407,412,SGCYIH,0.224,409,C,406,412,MSGCYIH,0.927,409,C,406,412,MSGCYIH,1.077,409,C,406,412,MSGCYIH,0.229
410,Y,0.427,.,410,Y,-1.29,.,410,Y,407,413,SGCYIHF,0.93,410,Y,408,413,GCYIHF,0.145,410,Y,407,413,SGCYIHF,0.902,410,Y,407,413,SGCYIHF,1.115,410,Y,407,413,SGCYIHF,-0.486
411,I,0.412,.,411,I,-1.225,.,411,I,408,414,GCYIHFF,0.843,411,I,409,414,CYIHFF,0.127,411,I,408,414,GCYIHFF,0.889,411,I,408,414,GCYIHFF,1.127,411,I,408,414,GCYIHFF,-2.729
412,H,0.413,.,412,H,-1.158,.,412,H,409,415,CYIHFFR,0.779,412,H,410,415,YIHFFR,0.464,412,H,409,415,CYIHFFR,0.896,412,H,409,415,CYIHFFR,1.126,412,H,409,415,CYIHFFR,-2.943
413,F,0.425,.,413,F,-0.984,.,413,F,410,416,YIHFFRE,0.833,413,F,411,416,IHFFRE,0.512,413,F,410,416,YIHFFRE,0.925,413,F,410,416,YIHFFRE,1.046,413,F,410,416,YIHFFRE,-2.029
414,F,0.441,.,414,F,-0.702,.,414,F,411,417,IHFFREP,0.903,414,F,412,417,HFFREP,1.13,414,F,411,417,IHFFREP,0.961,414,F,411,417,IHFFREP,1.032,414,F,411,417,IHFFREP,-1.457
415,R,0.461,.,415,R,-0.241,.,415,R,412,418,HFFREPT,0.976,415,R,413,418,FFREPT,1.199,415,R,412,418,HFFREPT,1.002,415,R,412,418,HFFREPT,0.998,415,R,412,418,HFFREPT,0.429
416,E,0.485,.,416,E,-0.054,.,416,E,413,419,FFREPTD,0.974,416,E,414,419,FREPTD,2.312,416,E,413,419,FFREPTD,1.037,416,E,413,419,FFREPTD,0.964,416,E,413,419,FFREPTD,1.557
417,P,0.519,E,417,P,0.149,.,417,P,414,420,FREPTDL,1.033,417,P,415,420,REPTDL,2.202,417,P,414,420,FREPTDL,1.052,417,P,414,420,FREPTDL,0.986,417,P,414,420,FREPTDL,1.557
418,T,0.541,E,418,T,0.565,E,418,T,415,421,REPTDLK,1.037,418,T,416,421,EPTDLK,2.248,418,T,415,421,REPTDLK,1.06,418,T,415,421,REPTDLK,0.963,418,T,415,421,REPTDLK,3.686
419,D,0.559,E,419,D,0.664,E,419,D,416,422,EPTDLKQ,1.017,419,D,417,422,PTDLKQ,2.248,419,D,416,422,EPTDLKQ,1.054,419,D,416,422,EPTDLKQ,0.984,419,D,416,422,EPTDLKQ,3.943
420,L,0.578,E,420,L,0.698,E,420,L,417,423,PTDLKQF,0.944,420,L,418,423,TDLKQF,1.259,420,L,417,423,PTDLKQF,1.036,420,L,417,423,PTDLKQF,1.018,420,L,417,423,PTDLKQF,1.514
421,K,0.585,E,421,K,0.598,E,421,K,418,424,TDLKQFK,0.947,421,K,419,424,DLKQFK,1.744,421,K,418,424,TDLKQFK,1.032,421,K,418,424,TDLKQFK,0.999,421,K,418,424,TDLKQFK,2.029
422,Q,0.595,E,422,Q,0.667,E,422,Q,419,425,DLKQFKQ,0.947,422,Q,420,425,LKQFKQ,1.809,422,Q,419,425,DLKQFKQ,1.031,422,Q,419,425,DLKQFKQ,1.014,422,Q,419,425,DLKQFKQ,2.143
423,F,0.598,E,423,F,0.512,E,423,F,420,426,LKQFKQD,0.957,423,F,421,426,KQFKQD,3.663,423,F,420,426,LKQFKQD,1.038,423,F,420,426,LKQFKQD,1.014,423,F,420,426,LKQFKQD,2.143
424,K,0.61,E,424,K,0.365,E,424,K,421,427,KQFKQDA,0.957,424,K,422,427,QFKQDA,1.851,424,K,421,427,KQFKQDA,1.061,424,K,421,427,KQFKQDA,0.987,424,K,421,427,KQFKQDA,3.757
425,Q,0.607,E,425,Q,0.515,E,425,Q,422,428,QFKQDAK,0.98,425,Q,423,428,FKQDAK,2.137,425,Q,422,428,QFKQDAK,1.075,425,Q,422,428,QFKQDAK,0.987,425,Q,422,428,QFKQDAK,3.757
426,D,0.589,E,426,D,0.612,E,426,D,423,429,FKQDAKY,1.099,426,D,424,429,KQDAKY,3.867,426,D,423,429,FKQDAKY,1.071,426,D,423,429,FKQDAKY,1.008,426,D,423,429,FKQDAKY,2.629
427,A,0.591,E,427,A,0.586,E,427,A,424,430,KQDAKYS,1.09,427,A,425,430,QDAKYS,2.591,427,A,424,430,KQDAKYS,1.054,427,A,424,430,KQDAKYS,0.997,427,A,424,430,KQDAKYS,4.871
428,K,0.593,E,428,K,0.921,E,428,K,425,431,QDAKYSH,1.173,428,K,426,431,DAKYSH,2.036,428,K,425,431,QDAKYSH,1.025,428,K,425,431,QDAKYSH,1.022,428,K,425,431,QDAKYSH,4.357
429,Y,0.581,E,429,Y,0.591,E,429,Y,426,432,DAKYSHG,1.031,429,Y,427,432,AKYSHG,1.206,429,Y,426,432,DAKYSHG,0.99,429,Y,426,432,DAKYSHG,1.002,429,Y,426,432,DAKYSHG,4.314
430,S,0.571,E,430,S,0.652,E,430,S,427,433,AKYSHGI,1.146,430,S,428,433,KYSHGI,0.837,430,S,427,433,AKYSHGI,0.97,430,S,427,433,AKYSHGI,1.043,430,S,427,433,AKYSHGI,1.743
431,H,0.548,E,431,H,0.287,.,431,H,428,434,KYSHGID,1.073,431,H,429,434,YSHGID,0.699,431,H,428,434,KYSHGID,0.961,431,H,428,434,KYSHGID,1.014,431,H,428,434,KYSHGID,2.871
432,G,0.537,E,432,G,0.216,.,432,G,429,435,YSHGIDV,1.004,432,G,430,435,SHGIDV,0.331,432,G,429,435,YSHGIDV,0.953,432,G,429,435,YSHGIDV,1.079,432,G,429,435,YSHGIDV,1.529
433,I,0.52,E,433,I,0.155,.,433,I,430,436,SHGIDVA,1.009,433,I,431,436,HGIDVA,0.25,433,I,430,436,SHGIDVA,0.954,433,I,430,436,SHGIDVA,1.065,433,I,430,436,SHGIDVA,2.1
434,D,0.516,E,434,D,0.028,.,434,D,431,437,HGIDVAD,0.957,434,D,432,437,GIDVAD,0.306,434,D,431,437,HGIDVAD,0.948,434,D,431,437,HGIDVAD,1.044,434,D,431,437,HGIDVAD,2.6
435,V,0.529,E,435,V,-0.286,.,435,V,432,438,GIDVADL,0.82,435,V,433,438,IDVADL,0.255,435,V,432,438,GIDVADL,0.943,435,V,432,438,GIDVADL,1.065,435,V,432,438,GIDVADL,0.986
436,A,0.541,E,436,A,-0.238,.,436,A,433,439,IDVADLF,0.97,436,A,434,439,DVADLF,0.315,436,A,433,439,IDVADLF,0.941,436,A,433,439,IDVADLF,1.096,436,A,433,439,IDVADLF,-1.143
437,D,0.532,E,437,D,-0.169,.,437,D,434,440,DVADLFP,0.856,437,D,435,440,VADLFP,0.292,437,D,434,440,DVADLFP,0.937,437,D,434,440,DVADLFP,1.083,437,D,434,440,DVADLFP,0.3
438,L,0.535,E,438,L,0.418,E,438,L,435,441,VADLFPA,0.924,438,L,436,441,ADLFPA,0.397,438,L,435,441,VADLFPA,0.944,438,L,435,441,VADLFPA,1.112,438,L,435,441,VADLFPA,-0.829
439,F,0.539,E,439,F,0.368,E,439,F,436,442,ADLFPAQ,1.047,439,F,437,442,DLFPAQ,0.681,439,F,436,442,ADLFPAQ,0.953,439,F,436,442,ADLFPAQ,1.059,439,F,436,442,ADLFPAQ,0.557
440,P,0.552,E,440,P,0.692,E,440,P,437,443,DLFPAQP,1.061,440,P,438,443,LFPAQP,0.631,440,P,437,443,DLFPAQP,0.972,440,P,437,443,DLFPAQP,1.059,440,P,437,443,DLFPAQP,0.557
441,A,0.527,E,441,A,0.621,E,441,A,438,444,LFPAQPG,1.061,441,A,439,444,FPAQPG,0.757,441,A,438,444,LFPAQPG,0.999,441,A,438,444,LFPAQPG,1.06,441,A,438,444,LFPAQPG,-0.057
442,Q,0.501,E,442,Q,0.658,E,442,Q,439,445,FPAQPGL,1.113,442,Q,440,445,PAQPGL,0.721,442,Q,439,445,FPAQPGL,1.014,442,Q,439,445,FPAQPGL,1.06,442,Q,439,445,FPAQPGL,-0.057
443,P,0.485,.,443,P,0.905,E,443,P,440,446,PAQPGLT,1.1,443,P,441,446,AQPGLT,0.673,443,P,440,446,PAQPGLT,1.027,443,P,440,446,PAQPGLT,1.034,443,P,440,446,PAQPGLT,2
444,G,0.452,.,444,G,1.04,E,444,G,441,447,AQPGLTS,1.1,444,G,442,447,QPGLTS,0.893,444,G,441,447,AQPGLTS,1.03,444,G,441,447,AQPGLTS,1.027,444,G,441,447,AQPGLTS,2.629
445,L,0.411,.,445,L,0.866,E,445,L,442,448,QPGLTSA,1.031,445,L,443,448,PGLTSA,0.521,445,L,442,448,QPGLTSA,1.02,445,L,442,448,QPGLTSA,1.027,445,L,442,448,QPGLTSA,2.629
446,T,0.396,.,446,T,0.453,E,446,T,443,449,PGLTSAV,0.881,446,T,444,449,GLTSAV,0.25,446,T,443,449,PGLTSAV,1.012,446,T,443,449,PGLTSAV,1.079,446,T,443,449,PGLTSAV,1.243
447,S,0.404,.,447,S,0.108,.,447,S,444,450,GLTSAVI,0.764,447,S,445,450,LTSAVI,0.177,447,S,444,450,GLTSAVI,0.992,447,S,444,450,GLTSAVI,1.092,447,S,444,450,GLTSAVI,-0.2
448,A,0.399,.,448,A,0.001,.,448,A,445,451,LTSAVIE,0.774,448,A,446,451,TSAVIE,0.372,448,A,445,451,LTSAVIE,0.966,448,A,445,451,LTSAVIE,1.089,448,A,445,451,LTSAVIE,0.1
449,V,0.384,.,449,V,-0.372,.,449,V,446,452,TSAVIEA,0.721,449,V,447,452,SAVIEA,0.26,449,V,446,452,TSAVIEA,0.945,449,V,446,452,TSAVIEA,1.062,449,V,446,452,TSAVIEA,1.714
450,I,0.408,.,450,I,-0.202,.,450,I,447,453,SAVIEAL,0.734,450,I,448,453,AVIEAL,0.16,450,I,447,453,SAVIEAL,0.931,450,I,447,453,SAVIEAL,1.111,450,I,447,453,SAVIEAL,-0.343
451,E,0.436,.,451,E,-0.254,.,451,E,448,454,AVIEALP,0.776,451,E,449,454,VIEALP,0.245,451,E,448,454,AVIEALP,0.939,451,E,448,454,AVIEALP,1.118,451,E,448,454,AVIEALP,-0.971
452,A,0.449,.,452,A,-0.171,.,452,A,449,455,VIEALPR,0.927,452,A,450,455,IEALPR,0.647,452,A,449,455,VIEALPR,0.961,452,A,449,455,VIEALPR,1.091,452,A,449,455,VIEALPR,-0.671
453,L,0.446,.,453,L,-0.379,.,453,L,450,456,IEALPRN,0.946,453,L,451,456,EALPRN,1.484,453,L,450,456,IEALPRN,0.986,453,L,450,456,IEALPRN,1.004,453,L,450,456,IEALPRN,0.857
454,P,0.448,.,454,P,-0.462,.,454,P,451,457,EALPRNM,0.911,454,P,452,457,ALPRNM,0.848,454,P,451,457,EALPRNM,1.002,454,P,451,457,EALPRNM,0.958,454,P,451,457,EALPRNM,1.4
455,R,0.44,.,455,R,-0.66,.,455,R,452,458,ALPRNMV,0.901,455,R,453,458,LPRNMV,0.623,455,R,452,458,ALPRNMV,0.996,455,R,452,458,ALPRNMV,1.034,455,R,452,458,ALPRNMV,-0.243
456,N,0.408,.,456,N,-0.739,.,456,N,453,459,LPRNMVL,0.954,456,N,454,459,PRNMVL,0.623,456,N,453,459,LPRNMVL,0.978,456,N,453,459,LPRNMVL,1.06,456,N,453,459,LPRNMVL,-1.857
457,M,0.382,.,457,M,-0.823,.,457,M,454,460,PRNMVLT,0.907,457,M,455,460,RNMVLT,0.582,457,M,454,460,PRNMVLT,0.951,457,M,454,460,PRNMVLT,1.012,457,M,454,460,PRNMVLT,0.2
458,V,0.391,.,458,V,-0.545,.,458,V,455,461,RNMVLTC,0.911,458,V,456,461,NMVLTC,0.159,458,V,455,461,RNMVLTC,0.937,458,V,455,461,RNMVLTC,1.061,458,V,455,461,RNMVLTC,0.1
459,L,0.382,.,459,L,-0.487,.,459,L,456,462,NMVLTCQ,0.911,459,L,457,462,MVLTCQ,0.171,459,L,456,462,NMVLTCQ,0.941,459,L,456,462,NMVLTCQ,1.082,459,L,456,462,NMVLTCQ,0.357
460,T,0.374,.,460,T,-0.292,.,460,T,457,463,MVLTCQG,1.03,460,T,458,463,VLTCQG,0.171,460,T,457,463,MVLTCQG,0.962,460,T,457,463,MVLTCQG,1.096,460,T,457,463,MVLTCQG,0.171
461,C,0.383,.,461,C,-0.173,.,461,C,458,464,VLTCQGS,1.167,461,C,459,464,LTCQGS,0.309,461,C,458,464,VLTCQGS,1.001,461,C,458,464,VLTCQGS,1.122,461,C,458,464,VLTCQGS,1.7
462,Q,0.415,.,462,Q,0.302,.,462,Q,459,465,LTCQGSD,1.291,462,Q,460,465,TCQGSD,0.627,462,Q,459,465,LTCQGSD,1.039,462,Q,459,465,LTCQGSD,1.048,462,Q,459,465,LTCQGSD,3.657
463,G,0.434,.,463,G,0.339,.,463,G,460,466,TCQGSDD,1.221,463,G,461,466,CQGSDD,0.725,463,G,460,466,TCQGSDD,1.073,463,G,460,466,TCQGSDD,0.993,463,G,460,466,TCQGSDD,6.4
464,S,0.479,.,464,S,0.773,E,464,S,461,467,CQGSDDI,1.196,464,S,462,467,QGSDDI,0.948,464,S,461,467,CQGSDDI,1.087,464,S,461,467,CQGSDDI,1.028,464,S,461,467,CQGSDDI,4.514
465,D,0.504,E,465,D,0.711,E,465,D,462,468,QGSDDIK,1.191,465,D,463,468,GSDDIK,1.095,465,D,462,468,QGSDDIK,1.082,465,D,462,468,QGSDDIK,0.959,465,D,462,468,QGSDDIK,5.129
466,D,0.513,E,466,D,0.462,E,466,D,463,469,GSDDIKR,1.053,466,D,464,469,SDDIKR,2.167,466,D,463,469,GSDDIKR,1.071,466,D,463,469,GSDDIKR,0.939,466,D,463,469,GSDDIKR,4.871
467,I,0.505,E,467,I,0.046,.,467,I,464,470,SDDIKRL,0.933,467,I,465,470,DDIKRL,1.334,467,I,464,470,SDDIKRL,1.048,467,I,464,470,SDDIKRL,0.993,467,I,464,470,SDDIKRL,2.743
468,K,0.516,E,468,K,0.038,.,468,K,465,471,DDIKRLL,0.933,468,K,466,471,DIKRLL,0.659,468,K,465,471,DDIKRLL,1.032,468,K,465,471,DDIKRLL,1.027,468,K,465,471,DDIKRLL,0.5
469,R,0.519,E,469,R,-0.07,.,469,R,466,472,DIKRLLD,0.929,469,R,467,472,IKRLLD,0.659,469,R,466,472,DIKRLLD,1.022,469,R,466,472,DIKRLLD,1.027,469,R,466,472,DIKRLLD,0.5
470,L,0.525,E,470,L,-0.138,.,470,L,467,473,IKRLLDS,1.001,470,L,468,473,KRLLDS,1.259,470,L,467,473,IKRLLDS,1.02,470,L,467,473,IKRLLDS,1.048,470,L,467,473,IKRLLDS,0
471,L,0.523,E,471,L,-0.207,.,471,L,468,474,KRLLDSQ,1.08,471,L,469,474,RLLDSQ,1.09,471,L,468,474,KRLLDSQ,1.04,471,L,468,474,KRLLDSQ,1.028,471,L,468,474,KRLLDSQ,2
472,D,0.541,E,472,D,0.11,.,472,D,469,475,RLLDSQG,1.08,472,D,470,475,LLDSQG,0.551,472,D,469,475,RLLDSQG,1.073,472,D,469,475,RLLDSQG,1.02,472,D,469,475,RLLDSQG,2
473,S,0.538,E,473,S,0.172,.,473,S,470,476,LLDSQGR,1.131,473,S,471,476,LDSQGR,1.308,473,S,470,476,LLDSQGR,1.103,473,S,470,476,LLDSQGR,1.02,473,S,470,476,LLDSQGR,2
474,Q,0.541,E,474,Q,0.435,E,474,Q,471,477,LDSQGRR,1.256,474,Q,472,477,DSQGRR,3.107,474,Q,471,477,LDSQGRR,1.115,474,Q,471,477,LDSQGRR,0.966,474,Q,471,477,LDSQGRR,3.914
475,G,0.552,E,475,G,0.474,E,475,G,472,478,DSQGRRD,1.114,475,G,473,478,SQGRRD,3.107,475,G,472,478,DSQGRRD,1.111,475,G,472,478,DSQGRRD,0.911,475,G,472,478,DSQGRRD,6.657
476,R,0.561,E,476,R,0.736,E,476,R,473,479,SQGRRDI,1.054,476,R,474,479,QGRRDI,1.625,476,R,473,479,SQGRRDI,1.086,476,R,473,479,SQGRRDI,0.952,476,R,473,479,SQGRRDI,4.086
477,R,0.552,E,477,R,0.265,.,477,R,474,480,QGRRDIK,0.999,477,R,475,480,GRRDIK,1.877,477,R,474,480,QGRRDIK,1.065,477,R,474,480,QGRRDIK,0.94,477,R,474,480,QGRRDIK,3.971
478,D,0.532,E,478,D,-0.198,.,478,D,475,481,GRRDIKL,0.843,478,D,476,481,RRDIKL,1.564,478,D,475,481,GRRDIKL,1.048,478,D,475,481,GRRDIKL,0.974,478,D,475,481,GRRDIKL,1.8
479,I,0.516,E,479,I,-0.329,.,479,I,476,482,RRDIKLI,0.916,479,I,477,482,RDIKLI,0.56,479,I,476,482,RRDIKLI,1.023,479,I,476,482,RRDIKLI,1.014,479,I,476,482,RRDIKLI,-0.157
480,K,0.487,.,480,K,-0.786,.,480,K,477,483,RDIKLID,0.847,480,K,478,483,DIKLID,0.477,480,K,477,483,RDIKLID,1.003,480,K,477,483,RDIKLID,1.013,480,K,477,483,RDIKLID,0.671
481,L,0.462,.,481,L,-0.974,.,481,L,478,484,DIKLIDI,0.733,481,L,479,484,IKLIDI,0.2,481,L,478,484,DIKLIDI,0.971,481,L,478,484,DIKLIDI,1.053,481,L,478,484,DIKLIDI,-1.071
482,I,0.431,.,482,I,-1.335,.,482,I,479,485,IKLIDIA,0.75,482,I,480,485,KLIDIA,0.289,482,I,479,485,IKLIDIA,0.94,482,I,479,485,IKLIDIA,1.081,482,I,479,485,IKLIDIA,-2.2
483,D,0.418,.,483,D,-1.387,.,483,D,480,486,KLIDIAL,0.81,483,D,481,486,LIDIAL,0.119,483,D,480,486,KLIDIAL,0.925,483,D,480,486,KLIDIAL,1.095,483,D,480,486,KLIDIAL,-2.371
484,I,0.427,.,484,I,-1.011,.,484,I,481,487,LIDIALS,0.87,484,I,482,487,IDIALS,0.193,484,I,481,487,LIDIALS,0.922,484,I,481,487,LIDIALS,1.107,484,I,481,487,LIDIALS,-2.257
485,A,0.434,.,485,A,-0.891,.,485,A,482,488,IDIALSK,0.897,485,A,483,488,DIALSK,0.552,485,A,482,488,IDIALSK,0.941,485,A,482,488,IDIALSK,1.061,485,A,482,488,IDIALSK,-0.129
486,L,0.445,.,486,L,-0.309,.,486,L,483,489,DIALSKA,0.897,486,L,484,489,IALSKA,0.334,486,L,483,489,DIALSKA,0.974,486,L,483,489,DIALSKA,1.048,486,L,483,489,DIALSKA,1.314
487,S,0.459,.,487,S,0.15,.,487,S,484,490,IALSKAD,1.034,487,S,485,490,ALSKAD,0.796,487,S,484,490,IALSKAD,1.01,487,S,484,490,IALSKAD,1.048,487,S,484,490,IALSKAD,1.314
488,K,0.481,.,488,K,0.13,.,488,K,485,491,ALSKADS,1.076,488,K,486,491,LSKADS,1.055,488,K,485,491,ALSKADS,1.047,488,K,485,491,ALSKADS,1.028,488,K,485,491,ALSKADS,3.386
489,A,0.506,E,489,A,0.469,E,489,A,486,492,LSKADSR,1.127,489,A,487,492,SKADSR,2.506,489,A,486,492,LSKADSR,1.069,489,A,486,492,LSKADSR,1.001,489,A,486,492,LSKADSR,3.686
490,D,0.514,E,490,D,0.276,.,490,D,487,493,SKADSRR,1.009,490,D,488,493,KADSRR,3.663,490,D,487,493,SKADSRR,1.081,490,D,487,493,SKADSRR,0.947,490,D,487,493,SKADSRR,5.6
491,S,0.536,E,491,S,0.696,E,491,S,488,494,KADSRRF,0.97,491,S,489,494,ADSRRF,1.586,491,S,488,494,KADSRRF,1.075,491,S,488,494,KADSRRF,0.958,491,S,488,494,KADSRRF,3.357
492,R,0.556,E,492,R,0.684,E,492,R,489,495,ADSRRFE,1.099,492,R,490,495,DSRRFE,2.719,492,R,489,495,ADSRRFE,1.054,492,R,489,495,ADSRRFE,0.947,492,R,489,495,ADSRRFE,3.657
493,R,0.56,E,493,R,0.592,E,493,R,490,496,DSRRFEN,0.984,493,R,491,496,SRRFEN,2.618,493,R,490,496,DSRRFEN,1.033,493,R,490,496,DSRRFEN,0.906,493,R,490,496,DSRRFEN,4.357
494,F,0.549,E,494,F,0.431,E,494,F,491,497,SRRFENA,0.851,494,F,492,497,RRFENA,1.974,494,F,491,497,SRRFENA,1.007,494,F,491,497,SRRFENA,0.934,494,F,491,497,SRRFENA,3.229
495,E,0.539,E,495,E,-0.003,.,495,E,492,498,RRFENAV,0.853,495,E,493,498,RFENAV,0.748,495,E,492,498,RRFENAV,0.991,495,E,492,498,RRFENAV,0.987,495,E,492,498,RRFENAV,1.771
496,N,0.548,E,496,N,-0.031,.,496,N,493,499,RFENAVW,0.926,496,N,494,499,FENAVW,0.402,496,N,493,499,RFENAVW,0.975,496,N,493,499,RFENAVW,0.99,496,N,493,499,RFENAVW,-0.257
497,A,0.531,E,497,A,0.008,.,497,A,494,500,FENAVWD,0.98,497,A,495,500,ENAVWD,0.774,497,A,494,500,FENAVWD,0.967,497,A,494,500,FENAVWD,0.989,497,A,494,500,FENAVWD,0.571
498,V,0.522,E,498,V,0,.,498,V,495,501,ENAVWDQ,1.044,498,V,496,501,NAVWDQ,0.774,498,V,495,501,ENAVWDQ,0.968,498,V,495,501,ENAVWDQ,0.978,498,V,495,501,ENAVWDQ,2.743
499,W,0.526,E,499,W,0.264,.,499,W,496,502,NAVWDQC,0.966,499,W,497,502,AVWDQC,0.258,499,W,496,502,NAVWDQC,0.974,499,W,496,502,NAVWDQC,1.058,499,W,496,502,NAVWDQC,1.829
500,D,0.514,E,500,D,0.151,.,500,D,497,503,AVWDQCK,1.08,500,D,498,503,VWDQCK,0.511,500,D,497,503,AVWDQCK,0.998,500,D,497,503,AVWDQCK,1.08,500,D,497,503,AVWDQCK,1.643
501,Q,0.485,.,501,Q,-0.265,.,501,Q,498,504,VWDQCKD,1.093,501,Q,499,504,WDQCKD,1.15,501,Q,498,504,VWDQCKD,1.016,501,Q,498,504,VWDQCKD,1.052,501,Q,498,504,VWDQCKD,2.771
502,C,0.457,.,502,C,-0.441,.,502,C,499,505,WDQCKDL,1.126,502,C,500,505,DQCKDL,0.902,502,C,499,505,WDQCKDL,1.025,502,C,499,505,WDQCKDL,1.033,502,C,499,505,WDQCKDL,1.986
503,K,0.463,.,503,K,-0.559,.,503,K,500,506,DQCKDLC,1.053,503,K,501,506,QCKDLC,0.289,503,K,500,506,DQCKDLC,1.029,503,K,500,506,DQCKDLC,1.107,503,K,500,506,DQCKDLC,3.614
504,D,0.471,.,504,D,-0.615,.,504,D,501,507,QCKDLCH,0.999,504,D,502,507,CKDLCH,0.227,504,D,501,507,QCKDLCH,1.011,504,D,501,507,QCKDLCH,1.141,504,D,501,507,QCKDLCH,2.486
505,L,0.462,.,505,L,-0.751,.,505,L,502,508,CKDLCHM,0.964,505,L,503,508,KDLCHM,0.42,505,L,502,508,CKDLCHM,0.975,505,L,502,508,CKDLCHM,1.114,505,L,502,508,CKDLCHM,1.029
506,C,0.464,.,506,C,-0.805,.,506,C,503,509,KDLCHMH,0.957,506,C,504,509,DLCHMH,0.286,506,C,503,509,KDLCHMH,0.943,506,C,503,509,KDLCHMH,1.071,506,C,503,509,KDLCHMH,1.129
507,H,0.466,.,507,H,-0.771,.,507,H,504,510,DLCHMHT,0.971,507,H,505,510,LCHMHT,0.247,507,H,504,510,DLCHMHT,0.921,507,H,504,510,DLCHMHT,1.068,507,H,504,510,DLCHMHT,1.057
508,M,0.461,.,508,M,-0.947,.,508,M,505,511,LCHMHTG,0.959,508,M,506,511,CHMHTG,0.296,508,M,505,511,LCHMHTG,0.919,508,M,505,511,LCHMHTG,1.069,508,M,505,511,LCHMHTG,0.443
509,H,0.471,.,509,H,-1.103,.,509,H,506,512,CHMHTGV,0.86,509,H,507,512,HMHTGV,0.41,509,H,506,512,CHMHTGV,0.944,509,H,506,512,CHMHTGV,1.088,509,H,506,512,CHMHTGV,1.229
510,T,0.477,.,510,T,-0.948,.,510,T,507,513,HMHTGVV,0.796,510,T,508,513,MHTGVV,0.224,510,T,507,513,HMHTGVV,0.966,510,T,507,513,HMHTGVV,1.084,510,T,507,513,HMHTGVV,0.5
511,G,0.507,E,511,G,-0.681,.,511,G,508,514,MHTGVVV,0.816,511,G,509,514,HTGVVV,0.168,511,G,508,514,MHTGVVV,0.973,511,G,508,514,MHTGVVV,1.123,511,G,508,514,MHTGVVV,-0.329
512,V,0.522,E,512,V,-0.387,.,512,V,509,515,HTGVVVE,0.824,512,V,510,515,TGVVVE,0.214,512,V,509,515,HTGVVVE,0.97,512,V,509,515,HTGVVVE,1.127,512,V,509,515,HTGVVVE,1.386
513,V,0.544,E,513,V,-0.015,.,513,V,510,516,TGVVVEK,0.831,513,V,511,516,GVVVEK,0.296,513,V,510,516,TGVVVEK,0.97,513,V,510,516,TGVVVEK,1.102,513,V,510,516,TGVVVEK,1.9
514,V,0.567,E,514,V,0.134,.,514,V,511,517,GVVVEKK,0.753,514,V,512,517,VVVEKK,0.598,514,V,511,517,GVVVEKK,0.983,514,V,511,517,GVVVEKK,1.105,514,V,511,517,GVVVEKK,1.971
515,E,0.588,E,515,E,0.241,.,515,E,512,518,VVVEKKK,0.817,515,E,513,518,VVEKKK,1.611,515,E,512,518,VVVEKKK,1.015,515,E,512,518,VVVEKKK,1.113,515,E,512,518,VVVEKKK,1.971
516,K,0.604,E,516,K,0.359,E,516,K,513,519,VVEKKKR,0.969,516,K,514,519,VEKKKR,4.253,516,K,513,519,VVEKKKR,1.047,516,K,513,519,VVEKKKR,1.04,516,K,513,519,VVEKKKR,3.1
517,K,0.613,E,517,K,0.718,E,517,K,514,520,VEKKKRG,1.12,517,K,515,520,EKKKRG,5.67,517,K,514,520,VEKKKRG,1.072,517,K,514,520,VEKKKRG,0.967,517,K,514,520,VEKKKRG,4.443
518,K,0.619,E,518,K,1.098,E,518,K,515,521,EKKKRGG,1.159,518,K,516,521,KKKRGG,3.24,518,K,515,521,EKKKRGG,1.088,518,K,515,521,EKKKRGG,0.895,518,K,515,521,EKKKRGG,5.786
519,R,0.638,E,519,R,1.459,E,519,R,516,522,KKKRGGK,1.12,519,R,517,522,KKRGGK,3.24,519,R,516,522,KKKRGGK,1.095,519,R,516,522,KKKRGGK,0.906,519,R,516,522,KKKRGGK,5.486
520,G,0.641,E,520,G,1.51,E,520,G,517,523,KKRGGKE,1.081,520,G,518,523,KRGGKE,2.806,520,G,517,523,KKRGGKE,1.104,520,G,517,523,KKRGGKE,0.895,520,G,517,523,KKRGGKE,5.786
521,G,0.631,E,521,G,1.334,E,521,G,518,524,KRGGKEE,1.004,521,G,519,524,RGGKEE,2.43,521,G,518,524,KRGGKEE,1.104,521,G,518,524,KRGGKEE,0.883,521,G,518,524,KRGGKEE,6.086
522,K,0.611,E,522,K,1.37,E,522,K,519,525,RGGKEEI,1.006,522,K,520,525,GGKEEI,0.87,522,K,519,525,RGGKEEI,1.092,522,K,519,525,RGGKEEI,0.915,522,K,519,525,RGGKEEI,4.129
523,E,0.58,E,523,E,1.241,E,523,E,520,526,GGKEEIT,1,523,E,521,526,GKEEIT,1.268,523,E,520,526,GGKEEIT,1.078,523,E,520,526,GGKEEIT,0.92,523,E,520,526,GGKEEIT,4.271
524,E,0.553,E,524,E,1.168,E,524,E,521,527,GKEEITP,0.913,524,E,522,527,KEEITP,1.982,524,E,521,527,GKEEITP,1.059,524,E,521,527,GKEEITP,0.947,524,E,521,527,GKEEITP,3.757
525,I,0.521,E,525,I,0.963,E,525,I,522,528,KEEITPH,0.939,525,I,523,528,EEITPH,1.348,525,I,522,528,KEEITPH,1.042,525,I,522,528,KEEITPH,0.98,525,I,522,528,KEEITPH,3.243
526,T,0.494,.,526,T,0.573,E,526,T,523,529,EEITPHC,0.927,526,T,524,529,EITPHC,0.417,526,T,523,529,EEITPHC,1.029,526,T,523,529,EEITPHC,1.049,526,T,523,529,EEITPHC,2.629
527,P,0.457,.,527,P,-0.023,.,527,P,524,530,EITPHCA,0.906,527,P,525,530,ITPHCA,0.243,527,P,524,530,EITPHCA,1.008,527,P,524,530,EITPHCA,1.08,527,P,524,530,EITPHCA,1.814
528,H,0.416,.,528,H,-0.458,.,528,H,525,531,ITPHCAL,0.924,528,H,526,531,TPHCAL,0.286,528,H,525,531,ITPHCAL,0.978,528,H,525,531,ITPHCAL,1.137,528,H,525,531,ITPHCAL,-0.614
529,C,0.381,.,529,C,-0.635,.,529,C,526,532,TPHCALM,0.996,529,C,527,532,PHCALM,0.196,529,C,526,532,TPHCALM,0.947,529,C,526,532,TPHCALM,1.09,529,C,526,532,TPHCALM,-0.071
530,A,0.343,.,530,A,-0.754,.,530,A,527,533,PHCALMD,0.949,530,A,528,533,HCALMD,0.212,530,A,527,533,PHCALMD,0.922,530,A,527,533,PHCALMD,1.084,530,A,527,533,PHCALMD,0.614
531,L,0.304,.,531,L,-1.256,.,531,L,528,534,HCALMDC,0.88,531,L,529,534,CALMDC,0.084,531,L,528,534,HCALMDC,0.906,531,L,528,534,HCALMDC,1.134,531,L,528,534,HCALMDC,0.514
532,M,0.287,.,532,M,-1.526,.,532,M,529,535,CALMDCI,0.796,532,M,530,535,ALMDCI,0.109,532,M,529,535,CALMDCI,0.897,532,M,529,535,CALMDCI,1.14,532,M,529,535,CALMDCI,-0.929
533,D,0.27,.,533,D,-1.727,.,533,D,530,536,ALMDCIM,0.864,533,D,531,536,LMDCIM,0.107,533,D,530,536,ALMDCIM,0.889,533,D,530,536,ALMDCIM,1.057,533,D,530,536,ALMDCIM,-1.729
534,C,0.271,.,534,C,-1.538,.,534,C,531,537,LMDCIMY,0.989,534,C,532,537,MDCIMY,0.203,534,C,531,537,LMDCIMY,0.882,534,C,531,537,LMDCIMY,1.07,534,C,531,537,LMDCIMY,-2.3
535,I,0.269,.,535,I,-1.355,.,535,I,532,538,MDCIMYD,0.997,535,I,533,538,DCIMYD,0.343,535,I,532,538,MDCIMYD,0.878,535,I,532,538,MDCIMYD,1.016,535,I,532,538,MDCIMYD,0.443
536,M,0.285,.,536,M,-0.964,.,536,M,533,539,DCIMYDA,0.883,536,M,534,539,CIMYDA,0.208,536,M,533,539,DCIMYDA,0.882,536,M,533,539,DCIMYDA,1.05,536,M,533,539,DCIMYDA,1.343
537,Y,0.302,.,537,Y,-0.777,.,537,Y,534,540,CIMYDAA,0.784,537,Y,535,540,IMYDAA,0.391,537,Y,534,540,CIMYDAA,0.896,537,Y,534,540,CIMYDAA,1.078,537,Y,534,540,CIMYDAA,0.214
538,D,0.339,.,538,D,-0.579,.,538,D,535,541,IMYDAAV,0.921,538,D,536,541,MYDAAV,0.414,538,D,535,541,IMYDAAV,0.909,538,D,535,541,IMYDAAV,1.074,538,D,535,541,IMYDAAV,-0.514
539,A,0.378,.,539,A,-0.286,.,539,A,536,542,MYDAAVS,1.059,539,A,537,542,YDAAVS,0.561,539,A,536,542,MYDAAVS,0.926,539,A,536,542,MYDAAVS,1.054,539,A,536,542,MYDAAVS,1.557
540,A,0.419,.,540,A,0.211,.,540,A,537,543,YDAAVSG,1.119,540,A,538,543,DAAVSG,0.354,540,A,537,543,YDAAVSG,0.951,540,A,537,543,YDAAVSG,1.061,540,A,537,543,YDAAVSG,2.971
541,V,0.437,.,541,V,0.252,.,541,V,538,544,DAAVSGG,0.994,541,V,539,544,AAVSGG,0.21,541,V,538,544,DAAVSGG,0.98,541,V,538,544,DAAVSGG,1.02,541,V,538,544,DAAVSGG,4.057
542,S,0.477,.,542,S,0.562,E,542,S,539,545,AAVSGGL,1.123,542,S,540,545,AVSGGL,0.171,542,S,539,545,AAVSGGL,1.011,542,S,539,545,AAVSGGL,1.074,542,S,539,545,AAVSGGL,1.314
543,G,0.495,.,543,G,0.178,.,543,G,540,546,AVSGGLN,1.096,543,G,541,546,VSGGLN,0.273,543,G,540,546,AVSGGLN,1.028,543,G,540,546,AVSGGLN,1.033,543,G,540,546,AVSGGLN,2.014
544,G,0.521,E,544,G,0.17,.,544,G,541,547,VSGGLNI,1.241,544,G,542,547,SGGLNI,0.258,544,G,541,547,VSGGLNI,1.024,544,G,541,547,VSGGLNI,1.046,544,G,541,547,VSGGLNI,0.571
545,L,0.538,E,545,L,-0.016,.,545,L,542,548,SGGLNIP,1.109,545,L,543,548,GGLNIP,0.297,545,L,542,548,SGGLNIP,1.003,545,L,542,548,SGGLNIP,1,545,L,542,548,SGGLNIP,1.4
546,N,0.532,E,546,N,-0.16,.,546,N,543,549,GGLNIPV,0.97,546,N,544,549,GLNIPV,0.223,546,N,543,549,GGLNIPV,0.978,546,N,543,549,GGLNIPV,1.053,546,N,543,549,GGLNIPV,-0.057
547,I,0.526,E,547,I,-0.408,.,547,I,544,550,GLNIPVL,0.883,547,I,545,550,LNIPVL,0.186,547,I,544,550,GLNIPVL,0.962,547,I,544,550,GLNIPVL,1.107,547,I,544,550,GLNIPVL,-2.186
548,P,0.514,E,548,P,-0.667,.,548,P,545,551,LNIPVLR,0.893,548,P,546,551,NIPVLR,0.441,548,P,545,551,LNIPVLR,0.948,548,P,545,551,LNIPVLR,1.107,548,P,545,551,LNIPVLR,-2.4
549,V,0.499,.,549,V,-0.912,.,549,V,546,552,NIPVLRA,0.741,549,V,547,552,IPVLRA,0.277,549,V,546,552,NIPVLRA,0.942,549,V,546,552,NIPVLRA,1.08,549,V,546,552,NIPVLRA,-0.786
550,L,0.493,.,550,L,-0.905,.,550,L,547,553,IPVLRAV,0.759,550,L,548,553,PVLRAV,0.294,550,L,547,553,IPVLRAV,0.937,550,L,547,553,IPVLRAV,1.167,550,L,547,553,IPVLRAV,-2.314
551,R,0.471,.,551,R,-1.023,.,551,R,548,554,PVLRAVL,0.759,551,R,549,554,VLRAVL,0.157,551,R,548,554,PVLRAVL,0.931,551,R,548,554,PVLRAVL,1.181,551,R,548,554,PVLRAVL,-2.486
552,A,0.476,.,552,A,-0.718,.,552,A,549,555,VLRAVLP,0.823,552,A,550,555,LRAVLP,0.326,552,A,549,555,VLRAVLP,0.943,552,A,549,555,VLRAVLP,1.181,552,A,549,555,VLRAVLP,-2.486
553,V,0.474,.,553,V,-0.484,.,553,V,550,556,LRAVLPR,0.947,553,V,551,556,RAVLPR,0.775,553,V,550,556,LRAVLPR,0.959,553,V,550,556,LRAVLPR,1.108,553,V,550,556,LRAVLPR,-1.357
554,L,0.464,.,554,L,-0.559,.,554,L,551,557,RAVLPRD,0.897,554,L,552,557,AVLPRD,0.66,554,L,551,557,RAVLPRD,0.987,554,L,551,557,RAVLPRD,1.053,554,L,551,557,RAVLPRD,1.386
555,P,0.476,.,555,P,-0.576,.,555,P,552,558,AVLPRDM,0.874,555,P,553,558,VLPRDM,0.647,555,P,552,558,AVLPRDM,1.009,555,P,552,558,AVLPRDM,1.047,555,P,552,558,AVLPRDM,0.186
556,R,0.468,.,556,R,-0.851,.,556,R,553,559,VLPRDMV,0.889,556,R,554,559,LPRDMV,0.647,556,R,553,559,VLPRDMV,1.009,556,R,553,559,VLPRDMV,1.092,556,R,553,559,VLPRDMV,-0.643
557,D,0.479,.,557,D,-0.691,.,557,D,554,560,LPRDMVF,0.94,557,D,555,560,PRDMVF,0.679,557,D,554,560,LPRDMVF,0.995,557,D,554,560,LPRDMVF,1.05,557,D,554,560,LPRDMVF,-1.429
558,M,0.495,.,558,M,-0.516,.,558,M,555,561,PRDMVFR,0.86,558,M,556,561,RDMVFR,0.861,558,M,555,561,PRDMVFR,0.967,558,M,555,561,PRDMVFR,0.997,558,M,555,561,PRDMVFR,0.486
559,V,0.518,E,559,V,-0.04,.,559,V,556,562,RDMVFRT,0.929,559,V,557,562,DMVFRT,0.634,559,V,556,562,RDMVFRT,0.957,559,V,556,562,RDMVFRT,0.974,559,V,556,562,RDMVFRT,0.929
560,F,0.54,E,560,F,0.175,.,560,F,557,563,DMVFRTS,0.924,560,F,558,563,MVFRTS,0.509,560,F,557,563,DMVFRTS,0.975,560,F,557,563,DMVFRTS,0.994,560,F,557,563,DMVFRTS,1.257
561,R,0.545,E,561,R,0.223,.,561,R,558,564,MVFRTSS,1.056,561,R,559,564,VFRTSS,0.689,561,R,558,564,MVFRTSS,1.016,561,R,558,564,MVFRTSS,1.015,561,R,558,564,MVFRTSS,0.757
562,T,0.558,E,562,T,0.144,.,562,T,559,565,VFRTSSP,1.129,562,T,560,565,FRTSSP,1.435,562,T,559,565,VFRTSSP,1.063,562,T,559,565,VFRTSSP,1.049,562,T,559,565,VFRTSSP,1.657
563,S,0.565,E,563,S,0.252,.,563,S,560,566,FRTSSPK,1.114,563,S,561,566,RTSSPK,3.315,563,S,560,566,FRTSSPK,1.098,563,S,560,566,FRTSSPK,0.984,563,S,560,566,FRTSSPK,3
564,S,0.575,E,564,S,0.244,.,564,S,561,567,RTSSPKV,1.05,564,S,562,567,TSSPKV,1.256,564,S,561,567,RTSSPKV,1.101,564,S,561,567,RTSSPKV,1.026,564,S,561,567,RTSSPKV,3.786
565,P,0.577,E,565,P,0.235,.,565,P,562,568,TSSPKVV,0.997,565,P,563,568,SSPKVV,0.646,565,P,562,568,TSSPKVV,1.072,565,P,562,568,TSSPKVV,1.099,565,P,562,568,TSSPKVV,2.657
566,K,0.514,E,566,K,0.257,.,566,K,563,569,SSPKVVL,,566,K,564,569,SPKVVL,0.398,,,,,,,566,K,563,569,SSPKVVL,1.148,566,K,563,569,SSPKVVL,0.6
567,V,0.449,.,567,V,0.18,.,,,,,,,,,,,,,,,,,,,,,,,,,,,,,,
568,V,0.382,.,568,V,-0.186,.,,,,,,,,,,,,,,,,,,,,,,,,,,,,,,
569,L,0.309,.,569,L,-0.72,.,,,,,,,,,,,,,,,,,,,,,,,,,,,,,,
